[{"model": "contenttypes.contenttype", "pk": 1, "fields": {"app_label": "admin", "model": "logentry"}}, {"model": "contenttypes.contenttype", "pk": 2, "fields": {"app_label": "auth", "model": "permission"}}, {"model": "contenttypes.contenttype", "pk": 3, "fields": {"app_label": "auth", "model": "group"}}, {"model": "contenttypes.contenttype", "pk": 4, "fields": {"app_label": "auth", "model": "user"}}, {"model": "contenttypes.contenttype", "pk": 5, "fields": {"app_label": "contenttypes", "model": "contenttype"}}, {"model": "contenttypes.contenttype", "pk": 6, "fields": {"app_label": "sessions", "model": "session"}}, {"model": "contenttypes.contenttype", "pk": 7, "fields": {"app_label": "greek_app", "model": "type"}}, {"model": "contenttypes.contenttype", "pk": 8, "fields": {"app_label": "greek_app", "model": "image"}}, {"model": "contenttypes.contenttype", "pk": 9, "fields": {"app_label": "greek_app", "model": "symbol"}}, {"model": "contenttypes.contenttype", "pk": 10, "fields": {"app_label": "sites", "model": "site"}}, {"model": "contenttypes.contenttype", "pk": 11, "fields": {"app_label": "flatpages", "model": "flatpage"}}, {"model": "contenttypes.contenttype", "pk": 12, "fields": {"app_label": "social_django", "model": "association"}}, {"model": "contenttypes.contenttype", "pk": 13, "fields": {"app_label": "social_django", "model": "code"}}, {"model": "contenttypes.contenttype", "pk": 14, "fields": {"app_label": "social_django", "model": "nonce"}}, {"model": "contenttypes.contenttype", "pk": 15, "fields": {"app_label": "social_django", "model": "usersocialauth"}}, {"model": "contenttypes.contenttype", "pk": 16, "fields": {"app_label": "social_django", "model": "partial"}}, {"model": "contenttypes.contenttype", "pk": 17, "fields": {"app_label": "greek_app", "model": "collection"}}, {"model": "sessions.session", "pk": "0u4lvom49s2oyo8zhv2aeg6pe1iqi4fi", "fields": {"session_data": "M2E4YzFlZjc1MWQ5NTYwZDQ5M2EzZGQ3OWM3MzQ0MjU1YWJlMjkzNTp7Il9hdXRoX3VzZXJfaWQiOiIzIiwiX2F1dGhfdXNlcl9iYWNrZW5kIjoiZGphbmdvLmNvbnRyaWIuYXV0aC5iYWNrZW5kcy5Nb2RlbEJhY2tlbmQiLCJfYXV0aF91c2VyX2hhc2giOiIzZWEwYWVjZmEyMGIzOGNhMThhYzY5MWIwYjI2ZGZmMTE3M2U2NWMxIn0=", "expire_date": "2019-10-25T16:46:19.198Z"}}, {"model": "sessions.session", "pk": "59ohfs28iqzn8m7rvjzcd3owlhtjbf0v", "fields": {"session_data": "OWU3ODY2ZTczOGFiYWIwN2U4YmU1YjRiZWM5YWZjYTA4OWM0NDFmMjp7Imdvb2dsZS1vYXV0aDJfc3RhdGUiOiJBRkpDUVVHbHR1UFV3RUpURTFrRncxR2pQT0x1TDRTMSJ9", "expire_date": "2020-07-07T14:07:58.233Z"}}, {"model": "sessions.session", "pk": "75epyk7nyb4ftqfxte1ci8xgyjarxy7e", "fields": {"session_data": "NTRlYjUzMWMyNzg3MWFlNzYzMGQxMWMwNTQxMmJiYzU3MDJiNDI5Mzp7Il9hdXRoX3VzZXJfaWQiOiIxIiwiX2F1dGhfdXNlcl9iYWNrZW5kIjoiZGphbmdvLmNvbnRyaWIuYXV0aC5iYWNrZW5kcy5Nb2RlbEJhY2tlbmQiLCJfYXV0aF91c2VyX2hhc2giOiJlZDE0OGQ0Njk5MjVmMDZiMzA3MjYyOGEyMDc1N2FiZWE0YzllMmUyIn0=", "expire_date": "2019-10-19T18:18:28.305Z"}}, {"model": "sessions.session", "pk": "76zb0iz6ejjqzq3aft26uishy1mwcu0l", "fields": {"session_data": "ZjdkYzVhZTNmMTM2OTk5MzNhNGU1ZTkyNmU3Njc4YzNmOWU3OGVlYjp7Imdvb2dsZS1vYXV0aDJfc3RhdGUiOiJiRnNaaUNsMkRyeWJJRzg0UldqODJKVG92NGs5R3A1cSJ9", "expire_date": "2020-07-07T14:30:41.152Z"}}, {"model": "sessions.session", "pk": "8zncjcr3ovdapa22hha8srhqcg6in4id", "fields": {"session_data": "YTFlZTFjYjU0NDFhNDMzNDkxMzQzYmI5NTA1N2NhMjE0ZWNjOTkzMDp7Il9hdXRoX3VzZXJfaWQiOiIyIiwiX2F1dGhfdXNlcl9iYWNrZW5kIjoiZGphbmdvLmNvbnRyaWIuYXV0aC5iYWNrZW5kcy5Nb2RlbEJhY2tlbmQiLCJfYXV0aF91c2VyX2hhc2giOiI0ZTk1YzI3YzM0ZWM0NmY5YzY2OGZlZjZhMzNiNTcyOGI2OTFhMzc1In0=", "expire_date": "2019-10-21T21:58:56.627Z"}}, {"model": "sessions.session", "pk": "incsahkfe1knxn4wbycfptwp3glm5k4e", "fields": {"session_data": "NTRlYjUzMWMyNzg3MWFlNzYzMGQxMWMwNTQxMmJiYzU3MDJiNDI5Mzp7Il9hdXRoX3VzZXJfaWQiOiIxIiwiX2F1dGhfdXNlcl9iYWNrZW5kIjoiZGphbmdvLmNvbnRyaWIuYXV0aC5iYWNrZW5kcy5Nb2RlbEJhY2tlbmQiLCJfYXV0aF91c2VyX2hhc2giOiJlZDE0OGQ0Njk5MjVmMDZiMzA3MjYyOGEyMDc1N2FiZWE0YzllMmUyIn0=", "expire_date": "2019-10-22T19:45:16.994Z"}}, {"model": "sessions.session", "pk": "kmg76fkn5tnngoqfx9nh4kax3vxqyc5m", "fields": {"session_data": "YTFlZTFjYjU0NDFhNDMzNDkxMzQzYmI5NTA1N2NhMjE0ZWNjOTkzMDp7Il9hdXRoX3VzZXJfaWQiOiIyIiwiX2F1dGhfdXNlcl9iYWNrZW5kIjoiZGphbmdvLmNvbnRyaWIuYXV0aC5iYWNrZW5kcy5Nb2RlbEJhY2tlbmQiLCJfYXV0aF91c2VyX2hhc2giOiI0ZTk1YzI3YzM0ZWM0NmY5YzY2OGZlZjZhMzNiNTcyOGI2OTFhMzc1In0=", "expire_date": "2019-10-22T14:24:36.246Z"}}, {"model": "sessions.session", "pk": "kqy98n5tvfuenjj0vzt6ni7ia5stkw1a", "fields": {"session_data": "OTg1NmI3YjM2NDdmMDI4NTI5YjU5NzU4YjgzNzc0NzkwNDE5ZTg1YTp7Imdvb2dsZS1vYXV0aDJfc3RhdGUiOiJZNUFzMWNnOU5Xc3FaaVdGUElTQ09uaWRXZUFMV3dXdyJ9", "expire_date": "2020-07-07T01:39:53.819Z"}}, {"model": "sessions.session", "pk": "kzwhuh77kadglhmwfl2p7j4t17m37zrp", "fields": {"session_data": "NTRlYjUzMWMyNzg3MWFlNzYzMGQxMWMwNTQxMmJiYzU3MDJiNDI5Mzp7Il9hdXRoX3VzZXJfaWQiOiIxIiwiX2F1dGhfdXNlcl9iYWNrZW5kIjoiZGphbmdvLmNvbnRyaWIuYXV0aC5iYWNrZW5kcy5Nb2RlbEJhY2tlbmQiLCJfYXV0aF91c2VyX2hhc2giOiJlZDE0OGQ0Njk5MjVmMDZiMzA3MjYyOGEyMDc1N2FiZWE0YzllMmUyIn0=", "expire_date": "2019-12-27T20:29:52.429Z"}}, {"model": "sessions.session", "pk": "p278bf2tqpc4rf2oefz5a28czbiw6b9a", "fields": {"session_data": "YTFlZTFjYjU0NDFhNDMzNDkxMzQzYmI5NTA1N2NhMjE0ZWNjOTkzMDp7Il9hdXRoX3VzZXJfaWQiOiIyIiwiX2F1dGhfdXNlcl9iYWNrZW5kIjoiZGphbmdvLmNvbnRyaWIuYXV0aC5iYWNrZW5kcy5Nb2RlbEJhY2tlbmQiLCJfYXV0aF91c2VyX2hhc2giOiI0ZTk1YzI3YzM0ZWM0NmY5YzY2OGZlZjZhMzNiNTcyOGI2OTFhMzc1In0=", "expire_date": "2019-11-10T18:50:55.173Z"}}, {"model": "sessions.session", "pk": "zamlxcvf3hpp9df7qhgzse1cuceh63o1", "fields": {"session_data": "YTFlZTFjYjU0NDFhNDMzNDkxMzQzYmI5NTA1N2NhMjE0ZWNjOTkzMDp7Il9hdXRoX3VzZXJfaWQiOiIyIiwiX2F1dGhfdXNlcl9iYWNrZW5kIjoiZGphbmdvLmNvbnRyaWIuYXV0aC5iYWNrZW5kcy5Nb2RlbEJhY2tlbmQiLCJfYXV0aF91c2VyX2hhc2giOiI0ZTk1YzI3YzM0ZWM0NmY5YzY2OGZlZjZhMzNiNTcyOGI2OTFhMzc1In0=", "expire_date": "2019-12-15T19:55:28.010Z"}}, {"model": "sites.site", "pk": 3, "fields": {"domain": "greekpal.apjan.co", "name": "greekpal.apjan.co"}}, {"model": "flatpages.flatpage", "pk": 1, "fields": {"url": "/about/", "title": "about", "content": "<p>This is about.</p>", "enable_comments": false, "template_name": "about.html", "registration_required": false, "sites": [3]}}, {"model": "greek_app.type", "pk": 1, "fields": {"name": "Suspension"}}, {"model": "greek_app.type", "pk": 2, "fields": {"name": "Ligature"}}, {"model": "greek_app.type", "pk": 3, "fields": {"name": "Article"}}, {"model": "greek_app.type", "pk": 4, "fields": {"name": "Symbol"}}, {"model": "greek_app.type", "pk": 5, "fields": {"name": "Nomina Sacra"}}, {"model": "greek_app.type", "pk": 6, "fields": {"name": "Preposition"}}, {"model": "greek_app.type", "pk": 7, "fields": {"name": "Particle"}}, {"model": "greek_app.type", "pk": 8, "fields": {"name": "Pronoun"}}, {"model": "greek_app.type", "pk": 9, "fields": {"name": "Letter Shape"}}, {"model": "greek_app.image", "pk": 1, "fields": {"file": "symbols/\u03c4\u03bf\u03bd_rLdjDCZ.png"}}, {"model": "greek_app.image", "pk": 2, "fields": {"file": "greek_app/static/symbols/\u03c4\u03bf\u03bd.png"}}, {"model": "greek_app.symbol", "pk": "014a1ce6-5a95-44f3-b836-cfab8b3bfb58", "fields": {"image": "symbols/\u03b1\u03bd\u03b8\u03c1\u03c9\u03c0\u03bf\u03c3.png", "image_height": 150, "image_width": null, "expansion": "\u1f04\u03bd\u03b8\u03c1\u03c9\u03c0\u03bf\u03c2", "base_expansion": "\u03b1\u03bd\u03b8\u03c1\u03c9\u03c0\u03bf\u03c2", "transcription": "\u1f04\u03bd\u03b8\u03c1\u03c9\u03c0\u03bf\u03c2", "type": 5, "text": "\u1f49 \u039a\u03b1\u03c1\u03c0\u03cc\u03c2", "date": "14th c. (1388)", "place": null, "scribe": null, "manuscript": "Bib. Angelica, gr. 29", "notes": null, "public": true}}, {"model": "greek_app.symbol", "pk": "04205dba-ed97-4c90-ac10-403b176793d9", "fields": {"image": "symbols/\u03c4\u03c9\u03bd_vK3y563.png", "image_height": 150, "image_width": null, "expansion": "\u03c4\u1ff6\u03bd", "base_expansion": "\u03c4\u03c9\u03bd", "transcription": null, "type": 3, "text": "\u1f49 \u039a\u03b1\u03c1\u03c0\u03cc\u03c2", "date": "14th c. (1388)", "place": null, "scribe": null, "manuscript": "Bib. Angelica, gr. 29", "notes": null, "public": true}}, {"model": "greek_app.symbol", "pk": "0604c689-86c6-4afe-966d-d768a5dec612", "fields": {"image": "symbols/\u0391\u03c6\u03c1\u03bf\u03b4\u03b9\u03c4\u03b71.png", "image_height": 150, "image_width": null, "expansion": "\u1f08\u03c6\u03c1\u03bf\u03b4\u03af\u03c4\u03b7", "base_expansion": "\u0391\u03c6\u03c1\u03bf\u03b4\u03b9\u03c4\u03b7", "transcription": null, "type": 4, "text": "\u1f49 \u039a\u03b1\u03c1\u03c0\u03cc\u03c2", "date": "13th c.", "place": null, "scribe": null, "manuscript": "Bib. Vallicelliana, ms. F86", "notes": null, "public": true}}, {"model": "greek_app.symbol", "pk": "0665ac2d-d518-4db3-b0d5-dc4de85296dd", "fields": {"image": "symbols/\u03c4\u03bf\u03c5\u03c3.png", "image_height": 150, "image_width": null, "expansion": "\u03c4\u03bf\u1f7a\u03c2", "base_expansion": "\u03c4\u03bf\u03c5\u03c2", "transcription": null, "type": 3, "text": "\u1f49 \u039a\u03b1\u03c1\u03c0\u03cc\u03c2", "date": "14th c. (1388)", "place": null, "scribe": null, "manuscript": "Bib. Angelica, gr. 29", "notes": null, "public": true}}, {"model": "greek_app.symbol", "pk": "0a54b9cf-c1b1-4e3e-94bc-f1d0ae9406a7", "fields": {"image": "symbols/\u03b3\u03b1\u03c1.png", "image_height": 150, "image_width": null, "expansion": "\u03b3\u1f70\u03c1", "base_expansion": "\u03b3\u03b1\u03c1", "transcription": "\u03b3\u1f70\u03c1", "type": 7, "text": "\u1f49 \u039a\u03b1\u03c1\u03c0\u03cc\u03c2", "date": "13th c.", "place": null, "scribe": null, "manuscript": "Bib. Vallicelliana, ms. F86", "notes": null, "public": true}}, {"model": "greek_app.symbol", "pk": "0ad573d1-3ce6-4a49-9b10-fabf85a4d953", "fields": {"image": "symbols/\u0391\u03c6\u03c1\u03bf\u03b4\u03b9\u03c4\u03b7.png", "image_height": 150, "image_width": null, "expansion": "\u1f08\u03c6\u03c1\u03bf\u03b4\u03af\u03c4\u03b7", "base_expansion": "\u0391\u03c6\u03c1\u03bf\u03b4\u03b9\u03c4\u03b7", "transcription": null, "type": 4, "text": "\u1f49 \u039a\u03b1\u03c1\u03c0\u03cc\u03c2", "date": "13th c.", "place": null, "scribe": null, "manuscript": "Bib. Vallicelliana, ms. F86", "notes": null, "public": true}}, {"model": "greek_app.symbol", "pk": "0e4377ad-def3-42b5-af0a-8fe083113f23", "fields": {"image": "symbols/-\u03bc\u03b5\u03bd-_\u03b4\u03b9\u03b5\u03bd\u03b5\u03c1\u03b3\u03bf\u03c5\u03bc\u03ad\u03bd\u03b1\u03c2_125.png", "image_height": 150, "image_width": null, "expansion": "\u03bc\u03b5\u03bd", "base_expansion": "\u03bc\u03b5\u03bd", "transcription": "\u03b4\u03b9\u03b5\u03bd\u03b5\u03c1\u03b3\u03bf\u03c5\u03bc\u03ad\u03bd\u03b1\u03c2", "type": 2, "text": "\u1f49 \u039a\u03b1\u03c1\u03c0\u03cc\u03c2", "date": "14th c.", "place": null, "scribe": null, "manuscript": "BML Plut. 28.16", "notes": null, "public": true}}, {"model": "greek_app.symbol", "pk": "103975b1-b219-495e-b2ab-37e9f0b9bcf0", "fields": {"image": "symbols/-\u03b5\u03c1-_\u1f10\u03bd\u03b5\u03c1\u03b3\u03b5\u03af\u03b1\u03c2_125.png", "image_height": 150, "image_width": null, "expansion": "\u03b5\u03c1", "base_expansion": "\u03b5\u03c1", "transcription": "\u1f10\u03bd\u03b5\u03c1\u03b3\u03b5\u03af\u03b1\u03c2", "type": 2, "text": "\u1f49 \u039a\u03b1\u03c1\u03c0\u03cc\u03c2", "date": "14th c.", "place": null, "scribe": null, "manuscript": "BML Plut. 28.16", "notes": null, "public": true}}, {"model": "greek_app.symbol", "pk": "160d80a8-4413-4f83-b39b-7b385a787b49", "fields": {"image": "symbols/\u03bf\u1f50\u03c1\u03b1\u03bd\u03af\u03b1_125.png", "image_height": 150, "image_width": null, "expansion": "\u03bf\u1f50\u03c1\u03b1\u03bd\u03af\u03b1", "base_expansion": "\u03bf\u03c5\u03c1\u03b1\u03bd\u03b9\u03b1", "transcription": "\u03bf\u1f50\u03c1\u03b1\u03bd\u03af\u03b1", "type": 5, "text": "\u1f49 \u039a\u03b1\u03c1\u03c0\u03cc\u03c2", "date": "14th c.", "place": null, "scribe": null, "manuscript": "BML Plut. 28.16", "notes": null, "public": true}}, {"model": "greek_app.symbol", "pk": "176e328f-1469-46b6-a159-f2c097fd85ca", "fields": {"image": "symbols/-\u03b5\u03b9-_\u03bf\u1f30\u03ba\u03b5\u03af\u03c9.png", "image_height": 150, "image_width": null, "expansion": "\u03b5\u03b9", "base_expansion": "\u03b5\u03b9", "transcription": "\u03bf\u1f30\u03ba\u03b5\u03af\u03c9", "type": 2, "text": "\u1f49 \u039a\u03b1\u03c1\u03c0\u03cc\u03c2", "date": "14th c.", "place": null, "scribe": null, "manuscript": "BML Plut. 28.16", "notes": null, "public": true}}, {"model": "greek_app.symbol", "pk": "191f9c1f-d744-4cd2-bbc5-80d6742ff968", "fields": {"image": "symbols/-\u03b1\u03c2_\u1f10\u03bd\u03b5\u03c1\u03b3\u03b5\u03af\u03b1\u03c2.png", "image_height": 150, "image_width": null, "expansion": "\u03b1\u03c2", "base_expansion": "\u03b1\u03c2", "transcription": "\u1f10\u03bd\u03b5\u03c1\u03b3\u03b5\u03af\u03b1\u03c2", "type": 1, "text": "\u1f49 \u039a\u03b1\u03c1\u03c0\u03cc\u03c2", "date": "14th c.", "place": null, "scribe": null, "manuscript": "BML Plut. 28.16", "notes": null, "public": true}}, {"model": "greek_app.symbol", "pk": "1fed2a27-aa09-422f-a272-9efd59ff0c96", "fields": {"image": "symbols/\u03b1\u03c3\u03c4\u03b5\u03c1\u03b1.png", "image_height": 150, "image_width": null, "expansion": "\u1f00\u03c3\u03c4\u03ad\u03c1\u03b1", "base_expansion": "\u03b1\u03c3\u03c4\u03b5\u03c1\u03b1", "transcription": null, "type": 4, "text": "\u1f49 \u039a\u03b1\u03c1\u03c0\u03cc\u03c2", "date": "14th c. (1388)", "place": null, "scribe": null, "manuscript": "Bib. Angelica, gr. 29", "notes": null, "public": true}}, {"model": "greek_app.symbol", "pk": "1fef87d5-89c5-4686-96ea-946d4fb83d8e", "fields": {"image": "symbols/-\u03bd-_\u1f10\u03c0\u03b9\u03c3\u03c4\u03ae\u03bc\u03bf\u03bd\u03b1_125.png", "image_height": 150, "image_width": null, "expansion": "\u03bd", "base_expansion": "\u03bd", "transcription": "\u03ad\u03c0\u03b9\u03c3\u03c4\u03ae\u03bc\u03bf\u03bd\u03b1", "type": 9, "text": "\u1f49 \u039a\u03b1\u03c1\u03c0\u03cc\u03c2", "date": "14th c.", "place": null, "scribe": null, "manuscript": "BML Plut. 28.16", "notes": null, "public": true}}, {"model": "greek_app.symbol", "pk": "21734ff0-2747-4cc7-84e7-3891be1810e2", "fields": {"image": "symbols/\u03ba\u03b1\u03b91.png", "image_height": 150, "image_width": null, "expansion": "\u03ba\u03b1\u1f76", "base_expansion": "\u03ba\u03b1\u03b9", "transcription": null, "type": 7, "text": "\u1f49 \u039a\u03b1\u03c1\u03c0\u03cc\u03c2", "date": "13th c.", "place": null, "scribe": null, "manuscript": "Bib. Vallicelliana, ms. F86", "notes": null, "public": true}}, {"model": "greek_app.symbol", "pk": "27d9a1e5-39ea-4489-9a03-a0290100cac8", "fields": {"image": "symbols/\u03c4\u03bf\u03bd_zduMwKq.png", "image_height": 150, "image_width": null, "expansion": "\u03c4\u1f78\u03bd", "base_expansion": "\u03c4\u03bf\u03bd", "transcription": null, "type": 3, "text": "\u1f49 \u039a\u03b1\u03c1\u03c0\u03cc\u03c2", "date": "13th c.", "place": null, "scribe": null, "manuscript": "Bib. Vallicelliana, ms. F86", "notes": null, "public": true}}, {"model": "greek_app.symbol", "pk": "291d8451-bdb0-49b3-896b-ff7ac48be013", "fields": {"image": "symbols/-\u03b5\u03c0\u03b91-_\u1f10\u03c0\u03b9\u03c3\u03c4\u03ae\u03bc\u03b7\u03c2.png", "image_height": 150, "image_width": null, "expansion": "\u03b5\u03c0\u03b9", "base_expansion": "\u03b5\u03c0\u03b9", "transcription": "\u1f10\u03c0\u03b9\u03c3\u03c4\u03ae\u03bc\u03b7\u03c2", "type": 2, "text": "\u1f49 \u039a\u03b1\u03c1\u03c0\u03cc\u03c2", "date": "14th c.", "place": null, "scribe": null, "manuscript": "BML Plut. 28.16", "notes": null, "public": true}}, {"model": "greek_app.symbol", "pk": "2ac071b2-452f-4bba-ba40-f0f3269b620f", "fields": {"image": "symbols/\u03c0\u03b1\u03c1\u03b8\u03b5\u03bd\u03bf\u03c2.png", "image_height": 150, "image_width": null, "expansion": "\u03a0\u03b1\u03c1\u03b8\u03ad\u03bd\u03bf\u03c2", "base_expansion": "\u03a0\u03b1\u03c1\u03b8\u03b5\u03bd\u03bf\u03c2", "transcription": null, "type": 4, "text": "\u1f49 \u039a\u03b1\u03c1\u03c0\u03cc\u03c2", "date": "13th c.", "place": null, "scribe": null, "manuscript": "Bib. Vallicelliana, ms. F86", "notes": null, "public": true}}, {"model": "greek_app.symbol", "pk": "2c9f799f-99cb-4e8b-b0f4-8a4d9791c21c", "fields": {"image": "symbols/-\u03b1\u03bd\u03c9\u03c1\u03b1\u03bd.png", "image_height": 150, "image_width": null, "expansion": "\u03b1\u03bd", "base_expansion": "\u03b1\u03bd", "transcription": "\u1f65\u03c1\u03b1\u03bd", "type": 1, "text": "\u1f49 \u039a\u03b1\u03c1\u03c0\u03cc\u03c2", "date": "13th c.", "place": null, "scribe": null, "manuscript": "Bib. Vallicelliana, ms. F86", "notes": null, "public": true}}, {"model": "greek_app.symbol", "pk": "3af93baf-e779-406d-ab67-d4e7c2cb3fb8", "fields": {"image": "symbols/\u03b5\u03b9.png", "image_height": 150, "image_width": null, "expansion": "\u03b5\u03b9", "base_expansion": "\u03b5\u03b9", "transcription": null, "type": 2, "text": "\u1f49 \u039a\u03b1\u03c1\u03c0\u03cc\u03c2", "date": "13th c.", "place": null, "scribe": null, "manuscript": "Bib. Vallicelliana, ms. F86", "notes": null, "public": true}}, {"model": "greek_app.symbol", "pk": "3e19f21b-c97d-411c-a5ee-c63c2b2465e3", "fields": {"image": "symbols/-\u03bf\u03c5-_\u03c3\u03bf\u1fe6_125.png", "image_height": 150, "image_width": null, "expansion": "\u03bf\u03c5", "base_expansion": "\u03bf\u03c5", "transcription": "\u03c3\u03bf\u1fe6", "type": 2, "text": "\u1f49 \u039a\u03b1\u03c1\u03c0\u03cc\u03c2", "date": "14th c.", "place": null, "scribe": null, "manuscript": "BML Plut. 28.16", "notes": null, "public": true}}, {"model": "greek_app.symbol", "pk": "41582457-e47a-4f00-8bc9-d865323b06e7", "fields": {"image": "symbols/-\u03c3\u03b5\u03c9\u03c2_\u1f00\u03bd\u03b1\u03ba\u03b1\u03b8\u03ac\u03c1\u03c3\u03b5\u03c9\u03c2_125.png", "image_height": 150, "image_width": null, "expansion": "\u03c3\u03b5\u03c9\u03c2", "base_expansion": "\u03c3\u03b5\u03c9\u03c2", "transcription": "\u1f00\u03bd\u03b1\u03ba\u03b1\u03b8\u03ac\u03c1\u03c3\u03b5\u03c9\u03c2", "type": 1, "text": "\u1f49 \u039a\u03b1\u03c1\u03c0\u03cc\u03c2", "date": "14th c.", "place": null, "scribe": null, "manuscript": "BML Plut. 28.16", "notes": null, "public": true}}, {"model": "greek_app.symbol", "pk": "497c852d-9cee-4a59-a9cd-68a3d93d3430", "fields": {"image": "symbols/\u03b6\u03c5\u03b3\u03bf\u03c2.png", "image_height": 150, "image_width": null, "expansion": "\u0396\u03c5\u03b3\u03cc\u03c2", "base_expansion": "\u0396\u03c5\u03b3\u03bf\u03c2", "transcription": "\u0396\u03c5\u03b3\u03cc\u03c2", "type": 4, "text": "\u1f49 \u039a\u03b1\u03c1\u03c0\u03cc\u03c2", "date": "13th c.", "place": null, "scribe": null, "manuscript": "Bib. Vallicelliana, ms. F86", "notes": null, "public": true}}, {"model": "greek_app.symbol", "pk": "4ce6a000-5f7e-4f40-aa02-82721b94ec57", "fields": {"image": "symbols/-\u03ba\u03bf-_\u03ba\u03cc\u03c3\u03bc\u03c9_125.png", "image_height": 150, "image_width": null, "expansion": "\u03ba\u03bf", "base_expansion": "\u03ba\u03bf", "transcription": "\u03ba\u03cc\u03c3\u03bc\u03c9", "type": 2, "text": "\u1f49 \u039a\u03b1\u03c1\u03c0\u03cc\u03c2", "date": "14th c.", "place": null, "scribe": null, "manuscript": "BML Plut. 28.16", "notes": null, "public": true}}, {"model": "greek_app.symbol", "pk": "4d921ad8-accc-4113-aa62-55b3d348ad2f", "fields": {"image": "symbols/lizard_ladybug_SOx2Otp.jpeg", "image_height": 150, "image_width": null, "expansion": "\u03b1\u03c3\u03c4\u03b5\u03c1\u03b1", "base_expansion": "\u03b1\u03c3\u03c4\u03b5\u03c1\u03b1", "transcription": "chameleon and lady bug", "type": null, "text": "test", "date": null, "place": null, "scribe": null, "manuscript": null, "notes": null, "public": true}}, {"model": "greek_app.symbol", "pk": "4ddaadfa-cb6d-403b-9c65-80f01daa9f1d", "fields": {"image": "symbols/-\u03b5\u1fd6\u03bd_\u03b4\u03b9\u03b5\u03bb\u03b8\u03b5\u1fd6\u03bd.png", "image_height": 150, "image_width": null, "expansion": "\u03b5\u03b9\u03bd", "base_expansion": "\u03b5\u03b9\u03bd", "transcription": "\u03b4\u03b9\u03b5\u03bb\u03b8\u03b5\u1fd6\u03bd", "type": 1, "text": "\u1f49 \u039a\u03b1\u03c1\u03c0\u03cc\u03c2", "date": "14th c.", "place": null, "scribe": null, "manuscript": "BML Plut. 28.16", "notes": null, "public": true}}, {"model": "greek_app.symbol", "pk": "57632962-ea61-4c0d-bdda-4ffffc59431d", "fields": {"image": "symbols/\u03b5\u03c0\u03b9-.png", "image_height": 150, "image_width": null, "expansion": "\u03b5\u03c0\u03b9", "base_expansion": "\u03b5\u03c0\u03b9", "transcription": "\u1f10\u03c0\u03b9", "type": 2, "text": "\u1f49 \u039a\u03b1\u03c1\u03c0\u03cc\u03c2", "date": "13th c.", "place": null, "scribe": null, "manuscript": "Bib. Vallicelliana, ms. F86", "notes": null, "public": true}}, {"model": "greek_app.symbol", "pk": "58c6c3b9-afd3-4156-951a-a3679323017d", "fields": {"image": "symbols/-\u03b5\u03b9-_\u03b5\u1f36\u03c4\u03b1.png", "image_height": 150, "image_width": null, "expansion": "\u03b5\u03b9", "base_expansion": "\u03b5\u03b9", "transcription": "\u03b5\u1f36\u03c4\u03b1", "type": 2, "text": "\u1f49 \u039a\u03b1\u03c1\u03c0\u03cc\u03c2", "date": "14th c.", "place": null, "scribe": null, "manuscript": "BML Plut. 28.16", "notes": null, "public": true}}, {"model": "greek_app.symbol", "pk": "5db15847-da58-4a3b-a62b-6c9a0c759d34", "fields": {"image": "symbols/\u03c4\u03bf\u03c5.png", "image_height": 150, "image_width": null, "expansion": "\u03c4\u03bf\u1fe6", "base_expansion": "\u03c4\u03bf\u03c5", "transcription": null, "type": 3, "text": "\u1f49 \u039a\u03b1\u03c1\u03c0\u03cc\u03c2", "date": "14th c. (1388)", "place": null, "scribe": null, "manuscript": "Bib. Angelica, gr. 29", "notes": null, "public": true}}, {"model": "greek_app.symbol", "pk": "5e105680-d4c7-4993-83f1-cf9ead2be3f4", "fields": {"image": "symbols/\u03c5\u03c0\u03b5\u03c1.png", "image_height": 150, "image_width": null, "expansion": "\u1f51\u03c0\u1f72\u03c1", "base_expansion": "\u03c5\u03c0\u03b5\u03c1", "transcription": "\u1f51\u03c0\u1f72\u03c1", "type": 6, "text": "\u1f49 \u039a\u03b1\u03c1\u03c0\u03cc\u03c2", "date": "14th c. (1388)", "place": null, "scribe": null, "manuscript": "Bib. Angelica, gr. 29", "notes": null, "public": true}}, {"model": "greek_app.symbol", "pk": "60368753-3176-49ce-acef-c4053656ae1e", "fields": {"image": "symbols/\u03b4\u03b9\u03b4\u03c5\u03bc\u03bf\u03b9.png", "image_height": 150, "image_width": null, "expansion": "\u0394\u03af\u03b4\u03c5\u03bc\u03bf\u03b9", "base_expansion": "\u0394\u03b9\u03b4\u03c5\u03bc\u03bf\u03b9", "transcription": null, "type": 4, "text": "\u1f49 \u039a\u03b1\u03c1\u03c0\u03cc\u03c2", "date": "13th c.", "place": null, "scribe": null, "manuscript": "Bib. Vallicelliana, ms. F86", "notes": null, "public": true}}, {"model": "greek_app.symbol", "pk": "6eca3296-2d15-4f87-90e9-1ef8d0287bf7", "fields": {"image": "symbols/-\u03bf\u03bd\u03c0\u03b1\u03c1\u03bf\u03bd.png", "image_height": 150, "image_width": null, "expansion": "\u03bf\u03bd", "base_expansion": "\u03bf\u03bd", "transcription": null, "type": 1, "text": "\u1f49 \u039a\u03b1\u03c1\u03c0\u03cc\u03c2", "date": "13th c.", "place": null, "scribe": null, "manuscript": "Bib. Vallicelliana, ms. F86", "notes": null, "public": true}}, {"model": "greek_app.symbol", "pk": "6f581df4-6e56-4054-b2aa-e7299448c15c", "fields": {"image": "symbols/\u03c4\u03bf\u03bd_2fwMZ8I.png", "image_height": 150, "image_width": null, "expansion": "\u03c4\u1f78\u03bd", "base_expansion": "\u03c4\u03bf\u03bd", "transcription": null, "type": 3, "text": "\u1f49 \u039a\u03b1\u03c1\u03c0\u03cc\u03c2", "date": "14th c. (1388)", "place": null, "scribe": null, "manuscript": "Bib. Angelica, gr. 29", "notes": null, "public": true}}, {"model": "greek_app.symbol", "pk": "750b771b-da61-4882-948d-650f00ac01a4", "fields": {"image": "symbols/-\u03b1\u03c2\u03b1\u03c3\u03c4\u03b5\u03c1\u03b1\u03c2.png", "image_height": 150, "image_width": null, "expansion": "\u03b1\u03c2", "base_expansion": "\u03b1\u03c2", "transcription": "\u1f00\u03c3\u03c4\u03ad\u03c1\u03b1\u03c2", "type": 1, "text": "\u1f49 \u039a\u03b1\u03c1\u03c0\u03cc\u03c2", "date": "14th c. (1388)", "place": null, "scribe": null, "manuscript": "Bib. Angelica, gr. 29", "notes": null, "public": true}}, {"model": "greek_app.symbol", "pk": "7b7cfc04-79d6-453b-9f83-a767e3214c83", "fields": {"image": "symbols/-\u03c3\u03b1\u03c2_\u1f00\u03c3\u03ba\u03ae\u03c3\u03b1\u03c2_125.png", "image_height": 150, "image_width": null, "expansion": "\u03c3\u03b1\u03c2", "base_expansion": "\u03c3\u03b1\u03c2", "transcription": "\u1f00\u03c3\u03ba\u03ae\u03c3\u03b1\u03c2", "type": 1, "text": "\u1f49 \u039a\u03b1\u03c1\u03c0\u03cc\u03c2", "date": "14th c.", "place": null, "scribe": null, "manuscript": "BML Plut. 28.16", "notes": null, "public": true}}, {"model": "greek_app.symbol", "pk": "7b9affc1-a601-4fc5-8634-18a59790fdac", "fields": {"image": "symbols/\u03b1\u03c1\u03b7\u03c21.png", "image_height": 150, "image_width": null, "expansion": "\u1f0c\u03c1\u03b7\u03c2", "base_expansion": "\u0391\u03c1\u03b7\u03c2", "transcription": null, "type": 4, "text": "\u1f49 \u039a\u03b1\u03c1\u03c0\u03cc\u03c2", "date": "13th c.", "place": null, "scribe": null, "manuscript": "Bib. Vallicelliana, ms. F86", "notes": null, "public": true}}, {"model": "greek_app.symbol", "pk": "7c288bdc-5997-46ba-afa0-fc0d78990dd7", "fields": {"image": "symbols/\u039a\u03b1\u03c1\u03ba\u03b9\u03bd\u03bf\u03c2.png", "image_height": 150, "image_width": null, "expansion": "\u039a\u03b1\u03c1\u03ba\u03af\u03bd\u03bf\u03c2", "base_expansion": "\u039a\u03b1\u03c1\u03ba\u03b9\u03bd\u03bf\u03c2", "transcription": null, "type": 4, "text": "\u1f49 \u039a\u03b1\u03c1\u03c0\u03cc\u03c2", "date": "14th c. (1388)", "place": null, "scribe": null, "manuscript": "Bib. Angelica, gr. 29", "notes": null, "public": true}}, {"model": "greek_app.symbol", "pk": "7fad4a8e-8ad0-4e76-b957-5fb9de0c2038", "fields": {"image": "symbols/-\u03b5\u03c1-\u03bc\u03b5\u03c1\u03b7\u03ba\u03b1\u03c3.png", "image_height": 150, "image_width": null, "expansion": "\u03b5\u03c1", "base_expansion": "\u03b5\u03c1", "transcription": "\u03bc\u03b5\u03c1\u03b7\u03ba\u1f70\u03c3", "type": 2, "text": "\u1f49 \u039a\u03b1\u03c1\u03c0\u03cc\u03c2", "date": "14th c. (1388)", "place": null, "scribe": null, "manuscript": "Bib. Angelica, gr. 29", "notes": null, "public": true}}, {"model": "greek_app.symbol", "pk": "80ca733e-0027-4a74-9507-a76c1a2f5bdf", "fields": {"image": "symbols/\u03b5\u03c5-.png", "image_height": 150, "image_width": null, "expansion": "\u03b5\u03c5", "base_expansion": "\u03b5\u03c5", "transcription": null, "type": 2, "text": "\u1f49 \u039a\u03b1\u03c1\u03c0\u03cc\u03c2", "date": "13th c.", "place": null, "scribe": null, "manuscript": "Bib. Vallicelliana, ms. F86", "notes": null, "public": true}}, {"model": "greek_app.symbol", "pk": "844f4bb6-6581-4acd-9a85-eeb885621e78", "fields": {"image": "symbols/-\u03b5\u03c5-\u03ba\u03c5\u03c1\u03b9\u03b5\u03c5\u03b5\u03b9.png", "image_height": 150, "image_width": null, "expansion": "\u03b5\u03c5", "base_expansion": "\u03b5\u03c5", "transcription": "\u03ba\u03c5\u03c1\u03ca\u03b5\u03cd\u03b5\u03b9", "type": 2, "text": "\u1f49 \u039a\u03b1\u03c1\u03c0\u03cc\u03c2", "date": "14th c. (1388)", "place": null, "scribe": null, "manuscript": "Bib. Angelica, gr. 29", "notes": null, "public": true}}, {"model": "greek_app.symbol", "pk": "886895c7-170b-418e-a33c-3815c7a30e77", "fields": {"image": "symbols/-\u03b5\u03c0\u03b9-_\u1f10\u03c0\u03b9\u03c3\u03c4\u03ae\u03bc\u03bf\u03bd\u03b1.png", "image_height": 150, "image_width": null, "expansion": "\u03b5\u03c0\u03b9", "base_expansion": "\u03b5\u03c0\u03b9", "transcription": "\u1f10\u03c0\u03b9\u03c3\u03c4\u03ae\u03bc\u03bf\u03bd\u03b1", "type": 2, "text": "\u1f49 \u039a\u03b1\u03c1\u03c0\u03cc\u03c2", "date": "14th c.", "place": null, "scribe": null, "manuscript": "BML Plut. 28.16", "notes": null, "public": true}}, {"model": "greek_app.symbol", "pk": "8b890285-439e-49fc-a41c-9409d5c505a3", "fields": {"image": "symbols/\u039a\u03c1\u03b9\u03bf\u03c2.png", "image_height": 150, "image_width": null, "expansion": "\u039a\u03c1\u03b9\u03cc\u03c2", "base_expansion": "\u039a\u03c1\u03b9\u03bf\u03c2", "transcription": null, "type": 4, "text": "\u1f49 \u039a\u03b1\u03c1\u03c0\u03cc\u03c2", "date": "13th c.", "place": null, "scribe": null, "manuscript": "Bib. Vallicelliana, ms. F86", "notes": null, "public": true}}, {"model": "greek_app.symbol", "pk": "905ab78a-4557-4065-8468-bf917e956462", "fields": {"image": "symbols/-\u03c3\u03b8-\u03b1\u03b9\u03c3\u03b8\u03b7\u03c3\u03b9\u03c3.png", "image_height": 150, "image_width": null, "expansion": "\u03c3\u03b8", "base_expansion": "\u03c3\u03b8", "transcription": "\u03b1\u1f34\u03c3\u03b8\u03b7\u03c3\u03ca\u03c3", "type": 2, "text": "\u1f49 \u039a\u03b1\u03c1\u03c0\u03cc\u03c2", "date": "14th c. (1388)", "place": null, "scribe": null, "manuscript": "Bib. Angelica, gr. 29", "notes": null, "public": true}}, {"model": "greek_app.symbol", "pk": "913166ae-64d5-46ff-9462-ca76bd11b24f", "fields": {"image": "symbols/\u0399\u03c7\u03b8\u03c5\u03c2.png", "image_height": 150, "image_width": null, "expansion": "\u1f38\u03c7\u03b8\u03cd\u03c2", "base_expansion": "\u0399\u03c7\u03b8\u03c5\u03c2", "transcription": null, "type": 4, "text": "\u1f49 \u039a\u03b1\u03c1\u03c0\u03cc\u03c2", "date": "14th c. (1388)", "place": null, "scribe": null, "manuscript": "Bib. Angelica, gr. 29", "notes": null, "public": true}}, {"model": "greek_app.symbol", "pk": "938059eb-b5b3-42ca-890e-b97bc2064f95", "fields": {"image": "symbols/-\u03bc\u03b5\u03c4\u03b1-_\u03bc\u03b5\u03c4\u03b1\u03be\u1f7a_125.png", "image_height": 150, "image_width": null, "expansion": "\u03bc\u03b5\u03c4\u03b1", "base_expansion": "\u03bc\u03b5\u03c4\u03b1", "transcription": "\u03bc\u03b5\u03c4\u03b1\u03be\u1f7a", "type": 2, "text": "\u1f49 \u039a\u03b1\u03c1\u03c0\u03cc\u03c2", "date": "14th c.", "place": null, "scribe": null, "manuscript": "BML Plut. 28.16", "notes": null, "public": true}}, {"model": "greek_app.symbol", "pk": "951bc273-7526-48fc-9e83-a9a1c54633a2", "fields": {"image": "symbols/\u1f00\u03c3\u03c4\u03ad\u03c1\u03b1_125.png", "image_height": 150, "image_width": null, "expansion": "\u1f00\u03c3\u03c4\u03ad\u03c1\u03b1", "base_expansion": "\u03b1\u03c3\u03c4\u03b5\u03c1\u03b1", "transcription": null, "type": 4, "text": "\u1f49 \u039a\u03b1\u03c1\u03c0\u03cc\u03c2", "date": "14th c.", "place": null, "scribe": null, "manuscript": "BML Plut. 28.16", "notes": null, "public": true}}, {"model": "greek_app.symbol", "pk": "98252415-53a9-4224-9450-2f0a1109880a", "fields": {"image": "symbols/\u03c4\u03c9\u03bd.png", "image_height": 150, "image_width": null, "expansion": "\u03c4\u1ff6\u03bd", "base_expansion": "\u03c4\u03c9\u03bd", "transcription": null, "type": 3, "text": "\u1f49 \u039a\u03b1\u03c1\u03c0\u03cc\u03c2", "date": "13th c.", "place": null, "scribe": null, "manuscript": "Bib. Vallicelliana, ms. F86", "notes": null, "public": true}}, {"model": "greek_app.symbol", "pk": "99c37f6b-7b3b-4533-86b3-039759bce656", "fields": {"image": "symbols/-\u03b1\u03bd_\u1f30\u03b4\u03ad\u03b1\u03bd.png", "image_height": 150, "image_width": null, "expansion": "\u03b1\u03bd", "base_expansion": "\u03b1\u03bd", "transcription": "\u1f30\u03b4\u03ad\u03b1\u03bd", "type": 1, "text": "\u1f49 \u039a\u03b1\u03c1\u03c0\u03cc\u03c2", "date": "14th c.", "place": null, "scribe": null, "manuscript": "BML Plut. 28.16", "notes": null, "public": true}}, {"model": "greek_app.symbol", "pk": "9b11d3a2-2408-4e12-abc9-1d8bad0fa05f", "fields": {"image": "symbols/-\u03b5\u03c3-_\u03c3\u03ba\u03bf\u03c0\u03bf\u1fe6\u03bd\u03c4\u03b5\u03c2_125.png", "image_height": 150, "image_width": null, "expansion": "\u03b5\u03c2", "base_expansion": "\u03b5\u03c2", "transcription": "\u03c3\u03ba\u03bf\u03c0\u03bf\u1fe6\u03bd\u03c4\u03b5\u03c2", "type": 2, "text": "\u1f49 \u039a\u03b1\u03c1\u03c0\u03cc\u03c2", "date": "14th c.", "place": null, "scribe": null, "manuscript": "BML Plut. 28.16", "notes": null, "public": true}}, {"model": "greek_app.symbol", "pk": "9c2672f0-aaa8-4d93-8248-0bf42acedb32", "fields": {"image": "symbols/-\u03bf\u03c2\u03b1\u03b9\u03c1\u03b5\u03c4\u03b9\u03ba\u03bf\u03c3.png", "image_height": 150, "image_width": null, "expansion": "\u03bf\u03c2", "base_expansion": "\u03bf\u03c2", "transcription": "\u03b1\u1f30\u03c1\u03b5\u03c4\u03ca\u03ba\u1f78\u03c3", "type": 1, "text": "\u1f49 \u039a\u03b1\u03c1\u03c0\u03cc\u03c2", "date": "14th c. (1388)", "place": null, "scribe": null, "manuscript": "Bib. Angelica, gr. 29", "notes": null, "public": true}}, {"model": "greek_app.symbol", "pk": "a3099b31-c4ac-4230-9cf4-b62cb75467b1", "fields": {"image": "symbols/\u03c4\u03b1\u03c2.png", "image_height": 150, "image_width": null, "expansion": "\u03c4\u1f70\u03c2", "base_expansion": "\u03c4\u03b1\u03c2", "transcription": "\u03c4\u1f70\u03c2", "type": 3, "text": "\u1f49 \u039a\u03b1\u03c1\u03c0\u03cc\u03c2", "date": "13th c.", "place": null, "scribe": null, "manuscript": "Bib. Vallicelliana, ms. F86", "notes": null, "public": true}}, {"model": "greek_app.symbol", "pk": "a43484b0-17cb-4c54-811f-098d7db0ecd2", "fields": {"image": "symbols/\u03b5\u03c1\u03bc\u03b7\u03c21.png", "image_height": 150, "image_width": null, "expansion": "\u1f19\u03c1\u03bc\u1fc6\u03c2", "base_expansion": "\u0395\u03c1\u03bc\u03b7\u03c2", "transcription": "\u1f19\u03c1\u03bc\u1fc6\u03c2", "type": 4, "text": "\u1f49 \u039a\u03b1\u03c1\u03c0\u03cc\u03c2", "date": "13th c.", "place": null, "scribe": null, "manuscript": "Bib. Vallicelliana, ms. F86", "notes": null, "public": true}}, {"model": "greek_app.symbol", "pk": "a57a985c-353f-4d62-87ea-3f0af6322351", "fields": {"image": "symbols/-\u03b5\u03c8-_\u1f00\u03c0\u03bf\u03c4\u03c1\u03ad\u03c8\u03b1\u03c3\u03b8\u03b1\u03b9_125.png", "image_height": 150, "image_width": null, "expansion": "\u03b5\u03c8", "base_expansion": "\u03b5\u03c8", "transcription": "\u1f00\u03c0\u03bf\u03c4\u03c1\u03ad\u03c8\u03b1\u03c3\u03b8\u03b1\u03b9", "type": 2, "text": "\u1f49 \u039a\u03b1\u03c1\u03c0\u03cc\u03c2", "date": "14th c.", "place": null, "scribe": null, "manuscript": "BML Plut. 28.16", "notes": null, "public": true}}, {"model": "greek_app.symbol", "pk": "a919b4a6-35e4-426f-b7b6-737c3cb0da81", "fields": {"image": "symbols/\u03b7\u03bb\u03b9\u03bf\u03c2.png", "image_height": 150, "image_width": null, "expansion": "\u03b7\u03bb\u03b9\u03bf\u03c2", "base_expansion": "\u03b7\u03bb\u03b9\u03bf\u03c2", "transcription": "\u1f25\u03bb\u03b9\u03bf\u03c2", "type": 4, "text": "\u1f49 \u039a\u03b1\u03c1\u03c0\u03cc\u03c2", "date": "13th c.", "place": null, "scribe": null, "manuscript": "Bib. Vallicelliana, ms. F86", "notes": null, "public": true}}, {"model": "greek_app.symbol", "pk": "a9eaf83f-004b-43e8-8071-4a83b7d298ca", "fields": {"image": "symbols/-\u03bf\u03c5\u03c2_\u03bc\u03b5\u03b8\u03cc\u03b4\u03bf\u03c5\u03c2_125.png", "image_height": 150, "image_width": null, "expansion": "\u03bf\u03c5\u03c2", "base_expansion": "\u03bf\u03c5\u03c2", "transcription": "\u03bc\u03b5\u03b8\u03cc\u03b4\u03bf\u03c5\u03c2", "type": 1, "text": "\u1f49 \u039a\u03b1\u03c1\u03c0\u03cc\u03c2", "date": "14th c.", "place": null, "scribe": null, "manuscript": "BML Plut. 28.16", "notes": null, "public": true}}, {"model": "greek_app.symbol", "pk": "abbb0703-ed59-4ac4-9dcf-a635ff2c2ae2", "fields": {"image": "symbols/-\u03b5\u03b9-\u03b4\u03b9\u03b5\u03bb\u03b8\u03b5\u03b9\u03bd.png", "image_height": 150, "image_width": null, "expansion": "\u03b5\u03b9", "base_expansion": "\u03b5\u03b9", "transcription": "\u03b4\u03b9\u03b5\u03bb\u03b8\u03b5\u1fd6\u03bd", "type": 2, "text": "\u1f49 \u039a\u03b1\u03c1\u03c0\u03cc\u03c2", "date": "14th c. (1388)", "place": null, "scribe": null, "manuscript": "Bib. Angelica, gr. 29", "notes": null, "public": true}}, {"model": "greek_app.symbol", "pk": "ac00c426-1789-4864-a45e-513e0b24f0db", "fields": {"image": "symbols/\u03ba\u03b1\u03b9.png", "image_height": 150, "image_width": null, "expansion": "\u03ba\u03b1\u03b9", "base_expansion": "\u03ba\u03b1\u03b9", "transcription": "\u03ba\u03b1\u1f76", "type": 7, "text": "\u1f49 \u039a\u03b1\u03c1\u03c0\u03cc\u03c2", "date": "13th c.", "place": null, "scribe": null, "manuscript": "Bib. Vallicelliana, ms. F86", "notes": null, "public": true}}, {"model": "greek_app.symbol", "pk": "b4637fec-e323-42d4-9395-88731d6441c1", "fields": {"image": "symbols/-\u03b5\u03c0\u03b9-_\u1f10\u03c0\u03b9\u03c3\u03c4\u03ae\u03bc\u03b7\u03c2.png", "image_height": 150, "image_width": null, "expansion": "\u03b5\u03c0\u03b9", "base_expansion": "\u03b5\u03c0\u03b9", "transcription": "\u1f10\u03c0\u03b9\u03c3\u03c4\u03ae\u03bc\u03b7\u03c2", "type": 2, "text": "\u1f49 \u039a\u03b1\u03c1\u03c0\u03cc\u03c2", "date": "14th c.", "place": null, "scribe": null, "manuscript": "BML Plut. 28.16", "notes": null, "public": true}}, {"model": "greek_app.symbol", "pk": "ba663f9e-9ea5-478b-9604-e515119a6eb8", "fields": {"image": "symbols/\u0391\u03c1\u03b7\u03c22.png", "image_height": 150, "image_width": null, "expansion": "\u1f0c\u03c1\u03b7\u03c2", "base_expansion": "\u0391\u03c1\u03b7\u03c2", "transcription": "\u1f0c\u03c1\u03b7\u03c2", "type": 4, "text": "\u1f49 \u039a\u03b1\u03c1\u03c0\u03cc\u03c2", "date": "14th c. (1388)", "place": null, "scribe": null, "manuscript": "Bib. Angelica, gr. 29", "notes": null, "public": true}}, {"model": "greek_app.symbol", "pk": "c0d9c9ed-d028-4883-8c40-975c33f8ffa3", "fields": {"image": "symbols/-\u03bf\u03bd\u03ba\u03b1\u03ba\u03bf\u03bd.png", "image_height": 150, "image_width": null, "expansion": "\u03bf\u03bd", "base_expansion": "\u03bf\u03bd", "transcription": null, "type": 1, "text": "\u1f49 \u039a\u03b1\u03c1\u03c0\u03cc\u03c2", "date": "14th c. (1388)", "place": null, "scribe": null, "manuscript": "Bib. Angelica, gr. 29", "notes": null, "public": true}}, {"model": "greek_app.symbol", "pk": "c4276456-0aa7-4483-8c98-bb61d9f79377", "fields": {"image": "symbols/-\u03b1\u03c2\u03b5\u03bd\u03b5\u03c1\u03b3\u03b5\u03b9\u03b1\u03c2.png", "image_height": 150, "image_width": null, "expansion": "\u03b1\u03c2", "base_expansion": "\u03b1\u03c2", "transcription": "\u1f10\u03bd\u03b5\u03c1\u03b3\u03b5\u03af\u03b1\u03c2", "type": 1, "text": "\u1f49 \u039a\u03b1\u03c1\u03c0\u03cc\u03c2", "date": "13th c.", "place": null, "scribe": null, "manuscript": "Bib. Vallicelliana, ms. F86", "notes": null, "public": true}}, {"model": "greek_app.symbol", "pk": "c4c86084-d6ba-4d0f-98ea-a12a08c12fab", "fields": {"image": "symbols/-\u03c1\u03bf-_\u03c0\u03c1\u03cc\u03b3\u03bd\u03c9\u03c3\u03b9\u03bd_copy_125.png", "image_height": 150, "image_width": null, "expansion": "\u03c1\u03bf", "base_expansion": "\u03c1\u03bf", "transcription": "\u03c0\u03c1\u03cc\u03b3\u03bd\u03c9\u03c3\u03b9\u03bd", "type": 2, "text": "\u1f49 \u039a\u03b1\u03c1\u03c0\u03cc\u03c2", "date": "14th c.", "place": null, "scribe": null, "manuscript": "BML Plut. 28.16", "notes": null, "public": true}}, {"model": "greek_app.symbol", "pk": "c9e5f159-78b1-43bc-a4a7-0b9aa741f6b8", "fields": {"image": "symbols/\u03b5\u03c1\u03bc\u03b7\u03c2.png", "image_height": 150, "image_width": null, "expansion": "\u03b5\u03c1\u03bc\u03b7\u03c2", "base_expansion": "\u03b5\u03c1\u03bc\u03b7\u03c2", "transcription": "\u1f19\u03c1\u03bc\u1fc6\u03c2", "type": 4, "text": "\u1f49 \u039a\u03b1\u03c1\u03c0\u03cc\u03c2", "date": "13th c.", "place": null, "scribe": null, "manuscript": "Bib. Vallicelliana, ms. F86", "notes": null, "public": true}}, {"model": "greek_app.symbol", "pk": "d0740a42-defc-4284-8f6d-2803c0c62311", "fields": {"image": "symbols/-\u03b5\u03c5-_\u03c0\u03c1\u03bf\u03c0\u03b1\u03c1\u03b1\u03c3\u03ba\u03b5\u03c5\u03ac\u03c3\u03b1\u03b9_125.png", "image_height": 150, "image_width": null, "expansion": "\u03b5\u03c5", "base_expansion": "\u03b5\u03c5", "transcription": "\u03c0\u03c1\u03bf\u03c0\u03b1\u03c1\u03b1\u03c3\u03ba\u03b5\u03c5\u03ac\u03c3\u03b1\u03b9", "type": 2, "text": "\u1f49 \u039a\u03b1\u03c1\u03c0\u03cc\u03c2", "date": "14th c.", "place": null, "scribe": null, "manuscript": "BML Plut. 28.16", "notes": null, "public": true}}, {"model": "greek_app.symbol", "pk": "d1f83fb2-ff05-4f2e-8107-2c47450da1d2", "fields": {"image": "symbols/-\u03b7-_\u03c7\u03c9\u03c1\u1fc6\u03c3\u03b1\u03b9_125.png", "image_height": 150, "image_width": null, "expansion": "\u03b7", "base_expansion": "\u03b7", "transcription": "\u03c7\u03c9\u03c1\u1fc6\u03c3\u03b1\u03b9", "type": 9, "text": "\u1f49 \u039a\u03b1\u03c1\u03c0\u03cc\u03c2", "date": "14th c.", "place": null, "scribe": null, "manuscript": "BML Plut. 28.16", "notes": null, "public": true}}, {"model": "greek_app.symbol", "pk": "d239b5e6-51bb-42ad-8176-135a845f7f7a", "fields": {"image": "symbols/-\u03c3\u03b5\u03c9\u03c2_\u03c3\u03c5\u03bc\u03c0\u03c4\u03ce\u03c3\u03b5\u03c9\u03c2_125.png", "image_height": 150, "image_width": null, "expansion": "\u03c3\u03b5\u03c9\u03c2", "base_expansion": "\u03c3\u03b5\u03c9\u03c2", "transcription": "\u03c3\u03c5\u03bc\u03c0\u03c4\u03ce\u03c3\u03b5\u03c9\u03c2", "type": 1, "text": "\u1f49 \u039a\u03b1\u03c1\u03c0\u03cc\u03c2", "date": "14th c.", "place": null, "scribe": null, "manuscript": "BML Plut. 28.16", "notes": null, "public": true}}, {"model": "greek_app.symbol", "pk": "d4667723-65c9-4c19-b65f-932d9da438e1", "fields": {"image": "symbols/-\u03bf\u03c2\u03ba\u03b1\u03b9\u03c1\u03bf\u03c2.png", "image_height": 150, "image_width": null, "expansion": "\u03bf\u03c2", "base_expansion": "\u03bf\u03c2", "transcription": null, "type": 1, "text": "\u1f49 \u039a\u03b1\u03c1\u03c0\u03cc\u03c2", "date": "13th c.", "place": null, "scribe": null, "manuscript": "Bib. Vallicelliana, ms. F86", "notes": null, "public": true}}, {"model": "greek_app.symbol", "pk": "d9296a39-3bbb-43e4-9900-01e80efaa648", "fields": {"image": "symbols/\u03b5\u03c0\u03b9\u03bb\u03b5\u03be\u03b7.png", "image_height": 150, "image_width": null, "expansion": "\u03b5\u03c0\u03b9", "base_expansion": "\u03b5\u03c0\u03b9", "transcription": "\u1f10\u03c0\u03b9\u03bb\u03ad\u03be\u03b7", "type": 2, "text": "\u1f49 \u039a\u03b1\u03c1\u03c0\u03cc\u03c2", "date": "13th c.", "place": null, "scribe": null, "manuscript": "Bib. Vallicelliana, ms. F86", "notes": null, "public": true}}, {"model": "greek_app.symbol", "pk": "d9e81a56-0282-417e-a8ce-98c27a4ff2a6", "fields": {"image": "symbols/\u0394\u03b9\u03b4\u03c5\u03bc\u03bf\u03b9.png", "image_height": 150, "image_width": null, "expansion": "\u03b4\u03b9\u03b4\u03c5\u03bc\u03bf\u03b9", "base_expansion": "\u03b4\u03b9\u03b4\u03c5\u03bc\u03bf\u03b9", "transcription": "\u0394\u03af\u03b4\u03c5\u03bc\u03bf\u03b9", "type": 4, "text": "\u1f49 \u039a\u03b1\u03c1\u03c0\u03cc\u03c2", "date": "14th c. (1388)", "place": null, "scribe": null, "manuscript": "Bib. Angelica, gr. 29", "notes": null, "public": true}}, {"model": "greek_app.symbol", "pk": "db85312a-f6a9-4411-bcb6-985e57f509cc", "fields": {"image": "symbols/-\u03bc\u03b5\u03bd-\u03b3\u03b5\u03bd\u03bd\u03c9\u03bc\u03b5\u03bd\u03bf\u03c3.png", "image_height": 150, "image_width": null, "expansion": "\u03bc\u03b5\u03bd", "base_expansion": "\u03bc\u03b5\u03bd", "transcription": "\u03b3\u03b5\u03bd\u03bd\u03ce\u03bc\u03b5\u03bd\u03bf\u03c3", "type": 2, "text": "\u1f49 \u039a\u03b1\u03c1\u03c0\u03cc\u03c2", "date": "14th c. (1388)", "place": null, "scribe": null, "manuscript": "Bib. Angelica, gr. 29", "notes": null, "public": true}}, {"model": "greek_app.symbol", "pk": "dd2f48db-6bbf-4b5b-bf82-cb4b56ab50b4", "fields": {"image": "symbols/-\u03b5\u03c2_\u1f10\u03bd\u03b8\u03bf\u03c5\u03c3\u03b9\u1ff6\u03bd\u03c4\u03b5\u03c2_125.png", "image_height": 150, "image_width": null, "expansion": "\u03b5\u03c2", "base_expansion": "\u03b5\u03c2", "transcription": "\u1f10\u03bd\u03b8\u03bf\u03c5\u03c3\u03b9\u1ff6\u03bd\u03c4\u03b5\u03c2", "type": 1, "text": "\u1f49 \u039a\u03b1\u03c1\u03c0\u03cc\u03c2", "date": "14th c.", "place": null, "scribe": null, "manuscript": "BML Plut. 28.16", "notes": null, "public": true}}, {"model": "greek_app.symbol", "pk": "e3eda248-db1e-41d5-b7de-40979dfaf1cc", "fields": {"image": "symbols/-\u03b1\u03c1-_\u03c0\u03b1\u03c1\u1f78\u03bd.png", "image_height": 150, "image_width": null, "expansion": "\u03b1\u03c1", "base_expansion": "\u03b1\u03c1", "transcription": "\u03c0\u03b1\u03c1\u1f78\u03bd", "type": 2, "text": "\u1f49 \u039a\u03b1\u03c1\u03c0\u03cc\u03c2", "date": "14th c.", "place": null, "scribe": null, "manuscript": "BML Plut. 28.16", "notes": null, "public": true}}, {"model": "greek_app.symbol", "pk": "ee8db818-1b20-4c45-a167-7fa59970e614", "fields": {"image": "symbols/\u03c4\u03b9\u03c2.png", "image_height": 150, "image_width": null, "expansion": "\u03c4\u03b9\u03c2", "base_expansion": "\u03c4\u03b9\u03c2", "transcription": "\u03c4\u03b9\u03c2", "type": 8, "text": "\u1f49 \u039a\u03b1\u03c1\u03c0\u03cc\u03c2", "date": "13th c.", "place": null, "scribe": null, "manuscript": "Bib. Vallicelliana, ms. F86", "notes": null, "public": true}}, {"model": "greek_app.symbol", "pk": "efbb61a2-87c6-486a-a72d-3ba2e73e485e", "fields": {"image": "symbols/\u03b1\u03c1\u03b7\u03c23.png", "image_height": 150, "image_width": null, "expansion": "\u1f0c\u03c1\u03b7\u03c2", "base_expansion": "\u0391\u03c1\u03b7\u03c2", "transcription": "\u1f0c\u03c1\u03b7\u03c2", "type": 4, "text": "\u1f49 \u039a\u03b1\u03c1\u03c0\u03cc\u03c2", "date": "13th c.", "place": null, "scribe": null, "manuscript": "Bib. Vallicelliana, ms. F86", "notes": null, "public": true}}, {"model": "greek_app.symbol", "pk": "f5fe2e00-7149-4286-8112-4c44100df381", "fields": {"image": "symbols/-\u03bf\u03c5\u03c2\u03b1\u03c0\u03bb\u03b1\u03bd\u03bf\u03c5\u03c2.png", "image_height": 150, "image_width": null, "expansion": "\u03bf\u03c5\u03c2", "base_expansion": "\u03bf\u03c5\u03c2", "transcription": "\u1f00\u03c0\u03bb\u03b1\u03bd\u03bf\u1fe6\u03c2", "type": 1, "text": "\u1f49 \u039a\u03b1\u03c1\u03c0\u03cc\u03c2", "date": "14th c. (1388)", "place": null, "scribe": null, "manuscript": "Bib. Angelica, gr. 29", "notes": null, "public": true}}, {"model": "greek_app.symbol", "pk": "f90234c6-5e54-4a31-80ca-108cd251b16a", "fields": {"image": "symbols/-\u03b7\u03bd_\u03bc\u03b5\u03c1\u03b9\u03ba\u1f74\u03bd_125.png", "image_height": 150, "image_width": null, "expansion": "\u03b7\u03bd", "base_expansion": "\u03b7\u03bd", "transcription": "\u03bc\u03b5\u03c1\u03b9\u03ba\u1f74\u03bd", "type": 1, "text": "\u1f49 \u039a\u03b1\u03c1\u03c0\u03cc\u03c2", "date": "14th c.", "place": null, "scribe": null, "manuscript": "BML Plut. 28.16", "notes": null, "public": true}}, {"model": "greek_app.symbol", "pk": "fca0d02c-8448-4c33-9494-59e63e65de21", "fields": {"image": "symbols/\u03c4\u03c9\u03bd1.png", "image_height": 150, "image_width": null, "expansion": "\u03c4\u03c9\u03bd", "base_expansion": "\u03c4\u03c9\u03bd", "transcription": "\u03c4\u1ff6\u03bd", "type": 3, "text": "\u1f49 \u039a\u03b1\u03c1\u03c0\u03cc\u03c2", "date": "13th c.", "place": null, "scribe": null, "manuscript": "Bib. Vallicelliana, ms. F86", "notes": null, "public": true}}, {"model": "auth.permission", "pk": 1, "fields": {"name": "Can add log entry", "content_type": 1, "codename": "add_logentry"}}, {"model": "auth.permission", "pk": 2, "fields": {"name": "Can change log entry", "content_type": 1, "codename": "change_logentry"}}, {"model": "auth.permission", "pk": 3, "fields": {"name": "Can delete log entry", "content_type": 1, "codename": "delete_logentry"}}, {"model": "auth.permission", "pk": 4, "fields": {"name": "Can view log entry", "content_type": 1, "codename": "view_logentry"}}, {"model": "auth.permission", "pk": 5, "fields": {"name": "Can add permission", "content_type": 2, "codename": "add_permission"}}, {"model": "auth.permission", "pk": 6, "fields": {"name": "Can change permission", "content_type": 2, "codename": "change_permission"}}, {"model": "auth.permission", "pk": 7, "fields": {"name": "Can delete permission", "content_type": 2, "codename": "delete_permission"}}, {"model": "auth.permission", "pk": 8, "fields": {"name": "Can view permission", "content_type": 2, "codename": "view_permission"}}, {"model": "auth.permission", "pk": 9, "fields": {"name": "Can add group", "content_type": 3, "codename": "add_group"}}, {"model": "auth.permission", "pk": 10, "fields": {"name": "Can change group", "content_type": 3, "codename": "change_group"}}, {"model": "auth.permission", "pk": 11, "fields": {"name": "Can delete group", "content_type": 3, "codename": "delete_group"}}, {"model": "auth.permission", "pk": 12, "fields": {"name": "Can view group", "content_type": 3, "codename": "view_group"}}, {"model": "auth.permission", "pk": 13, "fields": {"name": "Can add user", "content_type": 4, "codename": "add_user"}}, {"model": "auth.permission", "pk": 14, "fields": {"name": "Can change user", "content_type": 4, "codename": "change_user"}}, {"model": "auth.permission", "pk": 15, "fields": {"name": "Can delete user", "content_type": 4, "codename": "delete_user"}}, {"model": "auth.permission", "pk": 16, "fields": {"name": "Can view user", "content_type": 4, "codename": "view_user"}}, {"model": "auth.permission", "pk": 17, "fields": {"name": "Can add content type", "content_type": 5, "codename": "add_contenttype"}}, {"model": "auth.permission", "pk": 18, "fields": {"name": "Can change content type", "content_type": 5, "codename": "change_contenttype"}}, {"model": "auth.permission", "pk": 19, "fields": {"name": "Can delete content type", "content_type": 5, "codename": "delete_contenttype"}}, {"model": "auth.permission", "pk": 20, "fields": {"name": "Can view content type", "content_type": 5, "codename": "view_contenttype"}}, {"model": "auth.permission", "pk": 21, "fields": {"name": "Can add session", "content_type": 6, "codename": "add_session"}}, {"model": "auth.permission", "pk": 22, "fields": {"name": "Can change session", "content_type": 6, "codename": "change_session"}}, {"model": "auth.permission", "pk": 23, "fields": {"name": "Can delete session", "content_type": 6, "codename": "delete_session"}}, {"model": "auth.permission", "pk": 24, "fields": {"name": "Can view session", "content_type": 6, "codename": "view_session"}}, {"model": "auth.permission", "pk": 25, "fields": {"name": "Can add type", "content_type": 7, "codename": "add_type"}}, {"model": "auth.permission", "pk": 26, "fields": {"name": "Can change type", "content_type": 7, "codename": "change_type"}}, {"model": "auth.permission", "pk": 27, "fields": {"name": "Can delete type", "content_type": 7, "codename": "delete_type"}}, {"model": "auth.permission", "pk": 28, "fields": {"name": "Can view type", "content_type": 7, "codename": "view_type"}}, {"model": "auth.permission", "pk": 29, "fields": {"name": "Can add image", "content_type": 8, "codename": "add_image"}}, {"model": "auth.permission", "pk": 30, "fields": {"name": "Can change image", "content_type": 8, "codename": "change_image"}}, {"model": "auth.permission", "pk": 31, "fields": {"name": "Can delete image", "content_type": 8, "codename": "delete_image"}}, {"model": "auth.permission", "pk": 32, "fields": {"name": "Can view image", "content_type": 8, "codename": "view_image"}}, {"model": "auth.permission", "pk": 33, "fields": {"name": "Can add symbol", "content_type": 9, "codename": "add_symbol"}}, {"model": "auth.permission", "pk": 34, "fields": {"name": "Can change symbol", "content_type": 9, "codename": "change_symbol"}}, {"model": "auth.permission", "pk": 35, "fields": {"name": "Can delete symbol", "content_type": 9, "codename": "delete_symbol"}}, {"model": "auth.permission", "pk": 36, "fields": {"name": "Can view symbol", "content_type": 9, "codename": "view_symbol"}}, {"model": "auth.permission", "pk": 37, "fields": {"name": "Can add site", "content_type": 10, "codename": "add_site"}}, {"model": "auth.permission", "pk": 38, "fields": {"name": "Can change site", "content_type": 10, "codename": "change_site"}}, {"model": "auth.permission", "pk": 39, "fields": {"name": "Can delete site", "content_type": 10, "codename": "delete_site"}}, {"model": "auth.permission", "pk": 40, "fields": {"name": "Can view site", "content_type": 10, "codename": "view_site"}}, {"model": "auth.permission", "pk": 41, "fields": {"name": "Can add flat page", "content_type": 11, "codename": "add_flatpage"}}, {"model": "auth.permission", "pk": 42, "fields": {"name": "Can change flat page", "content_type": 11, "codename": "change_flatpage"}}, {"model": "auth.permission", "pk": 43, "fields": {"name": "Can delete flat page", "content_type": 11, "codename": "delete_flatpage"}}, {"model": "auth.permission", "pk": 44, "fields": {"name": "Can view flat page", "content_type": 11, "codename": "view_flatpage"}}, {"model": "auth.permission", "pk": 45, "fields": {"name": "Can add association", "content_type": 12, "codename": "add_association"}}, {"model": "auth.permission", "pk": 46, "fields": {"name": "Can change association", "content_type": 12, "codename": "change_association"}}, {"model": "auth.permission", "pk": 47, "fields": {"name": "Can delete association", "content_type": 12, "codename": "delete_association"}}, {"model": "auth.permission", "pk": 48, "fields": {"name": "Can view association", "content_type": 12, "codename": "view_association"}}, {"model": "auth.permission", "pk": 49, "fields": {"name": "Can add code", "content_type": 13, "codename": "add_code"}}, {"model": "auth.permission", "pk": 50, "fields": {"name": "Can change code", "content_type": 13, "codename": "change_code"}}, {"model": "auth.permission", "pk": 51, "fields": {"name": "Can delete code", "content_type": 13, "codename": "delete_code"}}, {"model": "auth.permission", "pk": 52, "fields": {"name": "Can view code", "content_type": 13, "codename": "view_code"}}, {"model": "auth.permission", "pk": 53, "fields": {"name": "Can add nonce", "content_type": 14, "codename": "add_nonce"}}, {"model": "auth.permission", "pk": 54, "fields": {"name": "Can change nonce", "content_type": 14, "codename": "change_nonce"}}, {"model": "auth.permission", "pk": 55, "fields": {"name": "Can delete nonce", "content_type": 14, "codename": "delete_nonce"}}, {"model": "auth.permission", "pk": 56, "fields": {"name": "Can view nonce", "content_type": 14, "codename": "view_nonce"}}, {"model": "auth.permission", "pk": 57, "fields": {"name": "Can add user social auth", "content_type": 15, "codename": "add_usersocialauth"}}, {"model": "auth.permission", "pk": 58, "fields": {"name": "Can change user social auth", "content_type": 15, "codename": "change_usersocialauth"}}, {"model": "auth.permission", "pk": 59, "fields": {"name": "Can delete user social auth", "content_type": 15, "codename": "delete_usersocialauth"}}, {"model": "auth.permission", "pk": 60, "fields": {"name": "Can view user social auth", "content_type": 15, "codename": "view_usersocialauth"}}, {"model": "auth.permission", "pk": 61, "fields": {"name": "Can add partial", "content_type": 16, "codename": "add_partial"}}, {"model": "auth.permission", "pk": 62, "fields": {"name": "Can change partial", "content_type": 16, "codename": "change_partial"}}, {"model": "auth.permission", "pk": 63, "fields": {"name": "Can delete partial", "content_type": 16, "codename": "delete_partial"}}, {"model": "auth.permission", "pk": 64, "fields": {"name": "Can view partial", "content_type": 16, "codename": "view_partial"}}, {"model": "auth.permission", "pk": 65, "fields": {"name": "Can add collection", "content_type": 17, "codename": "add_collection"}}, {"model": "auth.permission", "pk": 66, "fields": {"name": "Can change collection", "content_type": 17, "codename": "change_collection"}}, {"model": "auth.permission", "pk": 67, "fields": {"name": "Can delete collection", "content_type": 17, "codename": "delete_collection"}}, {"model": "auth.permission", "pk": 68, "fields": {"name": "Can view collection", "content_type": 17, "codename": "view_collection"}}, {"model": "auth.user", "pk": 1, "fields": {"password": "pbkdf2_sha256$150000$wxvXdp9J5udg$4AXH5R284jZoRPVbKMXrwnxZTgrVVJBrDs8WSR2T+gg=", "last_login": "2020-06-22T21:58:57.571Z", "is_superuser": true, "username": "ajanco", "first_name": "", "last_name": "", "email": "", "is_staff": true, "is_active": true, "date_joined": "2019-10-05T18:18:20.216Z", "groups": [], "user_permissions": []}}, {"model": "auth.user", "pk": 2, "fields": {"password": "pbkdf2_sha256$150000$4Koz94v6vQMw$uV+O/VE/WA6whDlo1wxH8POj4TOgfCfqRXPif+7Vkg4=", "last_login": "2019-12-01T19:55:28.005Z", "is_superuser": true, "username": "dhayton", "first_name": "", "last_name": "", "email": "", "is_staff": true, "is_active": true, "date_joined": "2019-10-07T20:22:10Z", "groups": [], "user_permissions": []}}, {"model": "auth.user", "pk": 3, "fields": {"password": "pbkdf2_sha256$150000$evM5Duk29k5G$8rD2EcDhMFw+lQ6zEHd7LMU6WvApQMnXC7dMkIQxiPU=", "last_login": "2019-10-11T16:46:19.193Z", "is_superuser": true, "username": "fgould", "first_name": "", "last_name": "", "email": "fgould@haverford.edu", "is_staff": true, "is_active": true, "date_joined": "2019-10-11T16:46:13.502Z", "groups": [], "user_permissions": []}}, {"model": "auth.user", "pk": 4, "fields": {"password": "pbkdf2_sha256$150000$dDUUhMicEKEv$04R4XYPRoFFDqlwTBnCqTUHG7O7BBR3GsV8j+6Ad0LQ=", "last_login": null, "is_superuser": true, "username": "ikhovryak", "first_name": "", "last_name": "", "email": "", "is_staff": true, "is_active": true, "date_joined": "2019-12-13T20:30:17Z", "groups": [], "user_permissions": []}}, {"model": "auth.user", "pk": 5, "fields": {"password": "!ltR32vJBbPrzazvUKvSqQd3JIZaS4sWT4bBizdQz", "last_login": "2020-06-22T21:58:39.737Z", "is_superuser": false, "username": "ajanco630511f7dba44fe1", "first_name": "Andrew", "last_name": "Janco", "email": "ajanco@haverford.edu", "is_staff": false, "is_active": true, "date_joined": "2020-06-21T19:11:26.963Z", "groups": [], "user_permissions": []}}, {"model": "auth.user", "pk": 6, "fields": {"password": "!MX32XSv2FCuhxgfPXxu74W5WRMb9N8vXQYFAEugh", "last_login": "2020-06-23T10:52:33.595Z", "is_superuser": false, "username": "apjanco", "first_name": "Andrew", "last_name": "Janco", "email": "apjanco@gmail.com", "is_staff": false, "is_active": true, "date_joined": "2020-06-22T18:47:52.769Z", "groups": [], "user_permissions": []}}, {"model": "social_django.usersocialauth", "pk": 1, "fields": {"user": 5, "provider": "google-oauth2", "uid": "ajanco@haverford.edu", "extra_data": "{\"auth_time\": 1592863119, \"expires\": 3599, \"token_type\": \"Bearer\", \"access_token\": \"ya29.a0AfH6SMBmkjwA8khjNgfApDJRsjh62RM_9XKXF0R0d5bwSkpU6q1hNM658o8VS4zfduEMrPkXdjnfv77Wy90Atwi3_8_7wLfv_0avHIAU0p6CFyAgvbXU2Wg9SX30jARbkalUhaVjiLGUjdOKxq_MiVJGLqGofJVW3rkyMw\"}", "created": "2020-06-21T19:11:26.970Z", "modified": "2020-06-22T21:58:39.681Z"}}, {"model": "social_django.usersocialauth", "pk": 2, "fields": {"user": 6, "provider": "google-oauth2", "uid": "apjanco@gmail.com", "extra_data": "{\"auth_time\": 1592909553, \"expires\": 3599, \"token_type\": \"Bearer\", \"access_token\": \"ya29.a0AfH6SMAR_CeYKW5hcTfRm3ABQWnRwo437DE48i2KrPUD8TijuRQlga-4SkWeEBa55bORmfpCG3fj_iWv6wSQjD6fbHAmyLsymN1BmKq_SGsTRKzP9bRV99y_dKCDXLMQwJGi0s4YLD5BQ0BR2SG7iLeQwqHIQVJlgUCq\"}", "created": "2020-06-22T18:47:52.779Z", "modified": "2020-06-23T10:52:33.582Z"}}, {"model": "admin.logentry", "pk": 1, "fields": {"action_time": "2019-10-05T18:22:32.054Z", "user": 1, "content_type": 7, "object_id": "1", "object_repr": "Suspension", "action_flag": 1, "change_message": "[{\"added\": {}}]"}}, {"model": "admin.logentry", "pk": 2, "fields": {"action_time": "2019-10-05T18:22:36.919Z", "user": 1, "content_type": 7, "object_id": "2", "object_repr": "Ligature", "action_flag": 1, "change_message": "[{\"added\": {}}]"}}, {"model": "admin.logentry", "pk": 3, "fields": {"action_time": "2019-10-05T18:22:51.441Z", "user": 1, "content_type": 7, "object_id": "3", "object_repr": "Article", "action_flag": 1, "change_message": "[{\"added\": {}}]"}}, {"model": "admin.logentry", "pk": 4, "fields": {"action_time": "2019-10-05T18:22:55.405Z", "user": 1, "content_type": 7, "object_id": "4", "object_repr": "Symbol", "action_flag": 1, "change_message": "[{\"added\": {}}]"}}, {"model": "admin.logentry", "pk": 5, "fields": {"action_time": "2019-10-05T18:23:11.123Z", "user": 1, "content_type": 7, "object_id": "5", "object_repr": "Nomina Sacra", "action_flag": 1, "change_message": "[{\"added\": {}}]"}}, {"model": "admin.logentry", "pk": 6, "fields": {"action_time": "2019-10-05T18:23:27.512Z", "user": 1, "content_type": 7, "object_id": "6", "object_repr": "Preposition", "action_flag": 1, "change_message": "[{\"added\": {}}]"}}, {"model": "admin.logentry", "pk": 7, "fields": {"action_time": "2019-10-05T18:32:39.332Z", "user": 1, "content_type": 8, "object_id": "1", "object_repr": "1", "action_flag": 1, "change_message": "[{\"added\": {}}]"}}, {"model": "admin.logentry", "pk": 8, "fields": {"action_time": "2019-10-05T18:42:12.868Z", "user": 1, "content_type": 9, "object_id": "ea80afab-a1a5-4a70-b3f0-8b68e072f462", "object_repr": "\u03c4\u1f78\u03bd", "action_flag": 1, "change_message": "[{\"added\": {}}]"}}, {"model": "admin.logentry", "pk": 9, "fields": {"action_time": "2019-10-05T22:24:56.603Z", "user": 1, "content_type": 9, "object_id": "ea80afab-a1a5-4a70-b3f0-8b68e072f462", "object_repr": "\u03c4\u1f78\u03bd", "action_flag": 3, "change_message": ""}}, {"model": "admin.logentry", "pk": 10, "fields": {"action_time": "2019-10-05T22:25:26.760Z", "user": 1, "content_type": 8, "object_id": "2", "object_repr": "greek_app/static/symbols/\u03c4\u03bf\u03bd.png", "action_flag": 1, "change_message": "[{\"added\": {}}]"}}, {"model": "admin.logentry", "pk": 11, "fields": {"action_time": "2019-10-05T22:25:30.251Z", "user": 1, "content_type": 9, "object_id": "49ccef37-8ca7-470c-a53f-f54974f62699", "object_repr": "\u03c4\u1f78\u03bd", "action_flag": 1, "change_message": "[{\"added\": {}}]"}}, {"model": "admin.logentry", "pk": 12, "fields": {"action_time": "2019-10-05T23:14:03.352Z", "user": 1, "content_type": 9, "object_id": "49ccef37-8ca7-470c-a53f-f54974f62699", "object_repr": "\u03c4\u1f78\u03bd", "action_flag": 2, "change_message": "[{\"changed\": {\"fields\": [\"image\"]}}]"}}, {"model": "admin.logentry", "pk": 13, "fields": {"action_time": "2019-10-05T23:19:06.555Z", "user": 1, "content_type": 9, "object_id": "49ccef37-8ca7-470c-a53f-f54974f62699", "object_repr": "\u03c4\u1f78\u03bd", "action_flag": 2, "change_message": "[{\"changed\": {\"fields\": [\"image\"]}}]"}}, {"model": "admin.logentry", "pk": 14, "fields": {"action_time": "2019-10-05T23:19:24.267Z", "user": 1, "content_type": 9, "object_id": "49ccef37-8ca7-470c-a53f-f54974f62699", "object_repr": "\u03c4\u1f78\u03bd", "action_flag": 2, "change_message": "[]"}}, {"model": "admin.logentry", "pk": 15, "fields": {"action_time": "2019-10-06T00:44:05.902Z", "user": 1, "content_type": 9, "object_id": "2c9f799f-99cb-4e8b-b0f4-8a4d9791c21c", "object_repr": "\u03b1\u03bd", "action_flag": 1, "change_message": "[{\"added\": {}}]"}}, {"model": "admin.logentry", "pk": 16, "fields": {"action_time": "2019-10-06T00:44:48.175Z", "user": 1, "content_type": 9, "object_id": "c4276456-0aa7-4483-8c98-bb61d9f79377", "object_repr": "\u03b1\u03c2", "action_flag": 1, "change_message": "[{\"added\": {}}]"}}, {"model": "admin.logentry", "pk": 17, "fields": {"action_time": "2019-10-06T00:45:25.189Z", "user": 1, "content_type": 9, "object_id": "6eca3296-2d15-4f87-90e9-1ef8d0287bf7", "object_repr": "\u03bf\u03bd", "action_flag": 1, "change_message": "[{\"added\": {}}]"}}, {"model": "admin.logentry", "pk": 18, "fields": {"action_time": "2019-10-06T00:45:58.715Z", "user": 1, "content_type": 9, "object_id": "d4667723-65c9-4c19-b65f-932d9da438e1", "object_repr": "\u03bf\u03c2", "action_flag": 1, "change_message": "[{\"added\": {}}]"}}, {"model": "admin.logentry", "pk": 19, "fields": {"action_time": "2019-10-06T00:46:42.209Z", "user": 1, "content_type": 9, "object_id": "3af93baf-e779-406d-ab67-d4e7c2cb3fb8", "object_repr": "\u03b5\u03b9", "action_flag": 1, "change_message": "[{\"added\": {}}]"}}, {"model": "admin.logentry", "pk": 20, "fields": {"action_time": "2019-10-06T00:47:14.716Z", "user": 1, "content_type": 9, "object_id": "57632962-ea61-4c0d-bdda-4ffffc59431d", "object_repr": "\u1f10\u03c0\u03b9", "action_flag": 1, "change_message": "[{\"added\": {}}]"}}, {"model": "admin.logentry", "pk": 21, "fields": {"action_time": "2019-10-06T00:47:57.344Z", "user": 1, "content_type": 9, "object_id": "80ca733e-0027-4a74-9507-a76c1a2f5bdf", "object_repr": "\u03b5\u03c5", "action_flag": 1, "change_message": "[{\"added\": {}}]"}}, {"model": "admin.logentry", "pk": 22, "fields": {"action_time": "2019-10-06T00:48:43.864Z", "user": 1, "content_type": 9, "object_id": "d9296a39-3bbb-43e4-9900-01e80efaa648", "object_repr": "\u1f10\u03c0\u03b9", "action_flag": 1, "change_message": "[{\"added\": {}}]"}}, {"model": "admin.logentry", "pk": 23, "fields": {"action_time": "2019-10-06T00:49:11.301Z", "user": 1, "content_type": 7, "object_id": "7", "object_repr": "Particle", "action_flag": 1, "change_message": "[{\"added\": {}}]"}}, {"model": "admin.logentry", "pk": 24, "fields": {"action_time": "2019-10-06T00:49:49.622Z", "user": 1, "content_type": 9, "object_id": "ac00c426-1789-4864-a45e-513e0b24f0db", "object_repr": "\u03ba\u03b1\u1f76", "action_flag": 1, "change_message": "[{\"added\": {}}]"}}, {"model": "admin.logentry", "pk": 25, "fields": {"action_time": "2019-10-06T00:50:28.137Z", "user": 1, "content_type": 9, "object_id": "21734ff0-2747-4cc7-84e7-3891be1810e2", "object_repr": "\u03ba\u03b1\u1f76", "action_flag": 1, "change_message": "[{\"added\": {}}]"}}, {"model": "admin.logentry", "pk": 26, "fields": {"action_time": "2019-10-06T00:51:17.503Z", "user": 1, "content_type": 9, "object_id": "a3099b31-c4ac-4230-9cf4-b62cb75467b1", "object_repr": "\u03c4\u03ac\u03c2", "action_flag": 1, "change_message": "[{\"added\": {}}]"}}, {"model": "admin.logentry", "pk": 27, "fields": {"action_time": "2019-10-06T00:51:45.990Z", "user": 1, "content_type": 7, "object_id": "8", "object_repr": "Pronoun", "action_flag": 1, "change_message": "[{\"added\": {}}]"}}, {"model": "admin.logentry", "pk": 28, "fields": {"action_time": "2019-10-06T00:52:41.268Z", "user": 1, "content_type": 9, "object_id": "ee8db818-1b20-4c45-a167-7fa59970e614", "object_repr": "\u03c4\u03b9\u03c2", "action_flag": 1, "change_message": "[{\"added\": {}}]"}}, {"model": "admin.logentry", "pk": 29, "fields": {"action_time": "2019-10-06T00:53:52.068Z", "user": 1, "content_type": 9, "object_id": "27d9a1e5-39ea-4489-9a03-a0290100cac8", "object_repr": "\u03c4\u1f78\u03bd", "action_flag": 1, "change_message": "[{\"added\": {}}]"}}, {"model": "admin.logentry", "pk": 30, "fields": {"action_time": "2019-10-06T00:54:37.467Z", "user": 1, "content_type": 9, "object_id": "98252415-53a9-4224-9450-2f0a1109880a", "object_repr": "\u03c4\u1ff6\u03bd", "action_flag": 1, "change_message": "[{\"added\": {}}]"}}, {"model": "admin.logentry", "pk": 31, "fields": {"action_time": "2019-10-06T00:55:09.360Z", "user": 1, "content_type": 9, "object_id": "fca0d02c-8448-4c33-9494-59e63e65de21", "object_repr": "\u03c4\u1ff6\u03bd", "action_flag": 1, "change_message": "[{\"added\": {}}]"}}, {"model": "admin.logentry", "pk": 32, "fields": {"action_time": "2019-10-06T00:55:52.364Z", "user": 1, "content_type": 9, "object_id": "0a54b9cf-c1b1-4e3e-94bc-f1d0ae9406a7", "object_repr": "\u03b3\u03ac\u03c1", "action_flag": 1, "change_message": "[{\"added\": {}}]"}}, {"model": "admin.logentry", "pk": 33, "fields": {"action_time": "2019-10-06T00:56:43.916Z", "user": 1, "content_type": 9, "object_id": "7b9affc1-a601-4fc5-8634-18a59790fdac", "object_repr": "\u1fbd\u0386\u03c1\u03b7\u03c2", "action_flag": 1, "change_message": "[{\"added\": {}}]"}}, {"model": "admin.logentry", "pk": 34, "fields": {"action_time": "2019-10-06T00:57:30.059Z", "user": 1, "content_type": 9, "object_id": "efbb61a2-87c6-486a-a72d-3ba2e73e485e", "object_repr": "\u1fbd\u0386\u03c1\u03b7\u03c2", "action_flag": 1, "change_message": "[{\"added\": {}}]"}}, {"model": "admin.logentry", "pk": 35, "fields": {"action_time": "2019-10-06T00:58:08.067Z", "user": 1, "content_type": 9, "object_id": "0ad573d1-3ce6-4a49-9b10-fabf85a4d953", "object_repr": "\u1f08\u03c6\u03c1\u03bf\u03b4\u03af\u03c4\u03b7", "action_flag": 1, "change_message": "[{\"added\": {}}]"}}, {"model": "admin.logentry", "pk": 36, "fields": {"action_time": "2019-10-06T00:58:38.895Z", "user": 1, "content_type": 9, "object_id": "0604c689-86c6-4afe-966d-d768a5dec612", "object_repr": "\u1f08\u03c6\u03c1\u03bf\u03b4\u03af\u03c4\u03b7", "action_flag": 1, "change_message": "[{\"added\": {}}]"}}, {"model": "admin.logentry", "pk": 37, "fields": {"action_time": "2019-10-06T00:59:16.615Z", "user": 1, "content_type": 9, "object_id": "60368753-3176-49ce-acef-c4053656ae1e", "object_repr": "\u0394\u03af\u03b4\u03c5\u03bc\u03bf\u03b9", "action_flag": 1, "change_message": "[{\"added\": {}}]"}}, {"model": "admin.logentry", "pk": 38, "fields": {"action_time": "2019-10-06T00:59:48.741Z", "user": 1, "content_type": 9, "object_id": "c9e5f159-78b1-43bc-a4a7-0b9aa741f6b8", "object_repr": "\u1f19\u03c1\u03bc\u1fc6\u03c2", "action_flag": 1, "change_message": "[{\"added\": {}}]"}}, {"model": "admin.logentry", "pk": 39, "fields": {"action_time": "2019-10-06T01:00:21.949Z", "user": 1, "content_type": 9, "object_id": "a43484b0-17cb-4c54-811f-098d7db0ecd2", "object_repr": "\u1f19\u03c1\u03bc\u1fc6\u03c2", "action_flag": 1, "change_message": "[{\"added\": {}}]"}}, {"model": "admin.logentry", "pk": 40, "fields": {"action_time": "2019-10-06T01:00:50.581Z", "user": 1, "content_type": 9, "object_id": "497c852d-9cee-4a59-a9cd-68a3d93d3430", "object_repr": "\u0396\u03c5\u03b3\u03cc\u03c2", "action_flag": 1, "change_message": "[{\"added\": {}}]"}}, {"model": "admin.logentry", "pk": 41, "fields": {"action_time": "2019-10-06T01:01:22.496Z", "user": 1, "content_type": 9, "object_id": "a919b4a6-35e4-426f-b7b6-737c3cb0da81", "object_repr": "\u1f25\u03bb\u03b9\u03bf\u03c2", "action_flag": 1, "change_message": "[{\"added\": {}}]"}}, {"model": "admin.logentry", "pk": 42, "fields": {"action_time": "2019-10-06T01:01:51.706Z", "user": 1, "content_type": 9, "object_id": "8b890285-439e-49fc-a41c-9409d5c505a3", "object_repr": "\u039a\u03c1\u03b9\u03cc\u03c2", "action_flag": 1, "change_message": "[{\"added\": {}}]"}}, {"model": "admin.logentry", "pk": 43, "fields": {"action_time": "2019-10-06T01:02:18.232Z", "user": 1, "content_type": 9, "object_id": "2ac071b2-452f-4bba-ba40-f0f3269b620f", "object_repr": "\u03a0\u03b1\u03c1\u03b8\u03ad\u03bd\u03bf\u03c2", "action_flag": 1, "change_message": "[{\"added\": {}}]"}}, {"model": "admin.logentry", "pk": 44, "fields": {"action_time": "2019-10-06T01:03:48.837Z", "user": 1, "content_type": 9, "object_id": "6f581df4-6e56-4054-b2aa-e7299448c15c", "object_repr": "\u03c4\u1f78\u03bd", "action_flag": 1, "change_message": "[{\"added\": {}}]"}}, {"model": "admin.logentry", "pk": 45, "fields": {"action_time": "2019-10-06T01:04:19.503Z", "user": 1, "content_type": 9, "object_id": "5db15847-da58-4a3b-a62b-6c9a0c759d34", "object_repr": "\u03c4\u03bf\u1fe6", "action_flag": 1, "change_message": "[{\"added\": {}}]"}}, {"model": "admin.logentry", "pk": 46, "fields": {"action_time": "2019-10-06T01:04:54.787Z", "user": 1, "content_type": 9, "object_id": "0665ac2d-d518-4db3-b0d5-dc4de85296dd", "object_repr": "\u03c4\u03bf\u1f7a\u03c2", "action_flag": 1, "change_message": "[{\"added\": {}}]"}}, {"model": "admin.logentry", "pk": 47, "fields": {"action_time": "2019-10-06T01:05:23.343Z", "user": 1, "content_type": 9, "object_id": "04205dba-ed97-4c90-ac10-403b176793d9", "object_repr": "\u03c4\u1ff6\u03bd", "action_flag": 1, "change_message": "[{\"added\": {}}]"}}, {"model": "admin.logentry", "pk": 48, "fields": {"action_time": "2019-10-06T01:06:11.159Z", "user": 1, "content_type": 9, "object_id": "abbb0703-ed59-4ac4-9dcf-a635ff2c2ae2", "object_repr": "\u03b5\u03b9", "action_flag": 1, "change_message": "[{\"added\": {}}]"}}, {"model": "admin.logentry", "pk": 49, "fields": {"action_time": "2019-10-06T01:19:06.553Z", "user": 1, "content_type": 9, "object_id": "27d9a1e5-39ea-4489-9a03-a0290100cac8", "object_repr": "\u03c4\u1f78\u03bd", "action_flag": 2, "change_message": "[{\"changed\": {\"fields\": [\"image\"]}}]"}}, {"model": "admin.logentry", "pk": 50, "fields": {"action_time": "2019-10-06T09:21:21.095Z", "user": 1, "content_type": 9, "object_id": "7fad4a8e-8ad0-4e76-b957-5fb9de0c2038", "object_repr": "\u03b5\u03c1", "action_flag": 1, "change_message": "[{\"added\": {}}]"}}, {"model": "admin.logentry", "pk": 51, "fields": {"action_time": "2019-10-06T09:21:57.887Z", "user": 1, "content_type": 9, "object_id": "844f4bb6-6581-4acd-9a85-eeb885621e78", "object_repr": "\u03b5\u03c5", "action_flag": 1, "change_message": "[{\"added\": {}}]"}}, {"model": "admin.logentry", "pk": 52, "fields": {"action_time": "2019-10-06T09:22:36.715Z", "user": 1, "content_type": 9, "object_id": "db85312a-f6a9-4411-bcb6-985e57f509cc", "object_repr": "\u03bc\u03b5\u03bd", "action_flag": 1, "change_message": "[{\"added\": {}}]"}}, {"model": "admin.logentry", "pk": 53, "fields": {"action_time": "2019-10-06T09:23:20.545Z", "user": 1, "content_type": 9, "object_id": "905ab78a-4557-4065-8468-bf917e956462", "object_repr": "\u03c3\u03b8", "action_flag": 1, "change_message": "[{\"added\": {}}]"}}, {"model": "admin.logentry", "pk": 54, "fields": {"action_time": "2019-10-06T09:24:08.137Z", "user": 1, "content_type": 9, "object_id": "014a1ce6-5a95-44f3-b836-cfab8b3bfb58", "object_repr": "\u1f04\u03bd\u03b8\u03c1\u03c9\u03c0\u03bf\u03c2", "action_flag": 1, "change_message": "[{\"added\": {}}]"}}, {"model": "admin.logentry", "pk": 55, "fields": {"action_time": "2019-10-06T09:24:44.445Z", "user": 1, "content_type": 9, "object_id": "5e105680-d4c7-4993-83f1-cf9ead2be3f4", "object_repr": "\u1f51\u03c0\u1f72\u03c1", "action_flag": 1, "change_message": "[{\"added\": {}}]"}}, {"model": "admin.logentry", "pk": 56, "fields": {"action_time": "2019-10-06T09:25:38.995Z", "user": 1, "content_type": 9, "object_id": "750b771b-da61-4882-948d-650f00ac01a4", "object_repr": "\u03b1\u03c2", "action_flag": 1, "change_message": "[{\"added\": {}}]"}}, {"model": "admin.logentry", "pk": 57, "fields": {"action_time": "2019-10-06T09:26:18.904Z", "user": 1, "content_type": 9, "object_id": "c0d9c9ed-d028-4883-8c40-975c33f8ffa3", "object_repr": "\u03bf\u03bd", "action_flag": 1, "change_message": "[{\"added\": {}}]"}}, {"model": "admin.logentry", "pk": 58, "fields": {"action_time": "2019-10-06T09:27:11.990Z", "user": 1, "content_type": 9, "object_id": "9c2672f0-aaa8-4d93-8248-0bf42acedb32", "object_repr": "\u03bf\u03c2", "action_flag": 1, "change_message": "[{\"added\": {}}]"}}, {"model": "admin.logentry", "pk": 59, "fields": {"action_time": "2019-10-06T09:28:28.795Z", "user": 1, "content_type": 9, "object_id": "f5fe2e00-7149-4286-8112-4c44100df381", "object_repr": "\u03bf\u03c5\u03c2", "action_flag": 1, "change_message": "[{\"added\": {}}]"}}, {"model": "admin.logentry", "pk": 60, "fields": {"action_time": "2019-10-06T09:29:11.159Z", "user": 1, "content_type": 9, "object_id": "ba663f9e-9ea5-478b-9604-e515119a6eb8", "object_repr": "\u1fbd\u0386\u03c1\u03b7\u03c2", "action_flag": 1, "change_message": "[{\"added\": {}}]"}}, {"model": "admin.logentry", "pk": 61, "fields": {"action_time": "2019-10-06T09:30:02.198Z", "user": 1, "content_type": 9, "object_id": "1fed2a27-aa09-422f-a272-9efd59ff0c96", "object_repr": "\u1f00\u03c3\u03c4\u03ad\u03c1\u03b1", "action_flag": 1, "change_message": "[{\"added\": {}}]"}}, {"model": "admin.logentry", "pk": 62, "fields": {"action_time": "2019-10-06T09:30:37.711Z", "user": 1, "content_type": 9, "object_id": "d9e81a56-0282-417e-a8ce-98c27a4ff2a6", "object_repr": "\u0394\u03af\u03b4\u03c5\u03bc\u03bf\u03b9", "action_flag": 1, "change_message": "[{\"added\": {}}]"}}, {"model": "admin.logentry", "pk": 63, "fields": {"action_time": "2019-10-06T09:31:19.275Z", "user": 1, "content_type": 9, "object_id": "913166ae-64d5-46ff-9462-ca76bd11b24f", "object_repr": "\u1f38\u03c7\u03b8\u03cd\u03c2", "action_flag": 1, "change_message": "[{\"added\": {}}]"}}, {"model": "admin.logentry", "pk": 64, "fields": {"action_time": "2019-10-06T09:31:48.556Z", "user": 1, "content_type": 9, "object_id": "7c288bdc-5997-46ba-afa0-fc0d78990dd7", "object_repr": "\u039a\u03b1\u03c1\u03ba\u03af\u03bd\u03bf\u03c2", "action_flag": 1, "change_message": "[{\"added\": {}}]"}}, {"model": "admin.logentry", "pk": 65, "fields": {"action_time": "2019-10-06T19:25:03.964Z", "user": 1, "content_type": 9, "object_id": "05b4c305-c21a-48b8-876e-3ae4b29a6345", "object_repr": "lizard-helmet", "action_flag": 1, "change_message": "[{\"added\": {}}]"}}, {"model": "admin.logentry", "pk": 66, "fields": {"action_time": "2019-10-06T19:27:25.937Z", "user": 1, "content_type": 9, "object_id": "05b4c305-c21a-48b8-876e-3ae4b29a6345", "object_repr": "lizard-helmet", "action_flag": 2, "change_message": "[{\"changed\": {\"fields\": [\"image\"]}}]"}}, {"model": "admin.logentry", "pk": 67, "fields": {"action_time": "2019-10-07T14:11:20.772Z", "user": 1, "content_type": 9, "object_id": "49ccef37-8ca7-470c-a53f-f54974f62699", "object_repr": "\u03c4\u1f78\u03bd", "action_flag": 3, "change_message": ""}}, {"model": "admin.logentry", "pk": 68, "fields": {"action_time": "2019-10-07T20:22:10.776Z", "user": 1, "content_type": 4, "object_id": "2", "object_repr": "dhayton", "action_flag": 1, "change_message": "[{\"added\": {}}]"}}, {"model": "admin.logentry", "pk": 69, "fields": {"action_time": "2019-10-07T20:22:17.212Z", "user": 1, "content_type": 4, "object_id": "2", "object_repr": "dhayton", "action_flag": 2, "change_message": "[{\"changed\": {\"fields\": [\"is_staff\", \"is_superuser\"]}}]"}}, {"model": "admin.logentry", "pk": 70, "fields": {"action_time": "2019-10-07T20:27:50.884Z", "user": 1, "content_type": 9, "object_id": "05b4c305-c21a-48b8-876e-3ae4b29a6345", "object_repr": "lizard-helmet", "action_flag": 3, "change_message": ""}}, {"model": "admin.logentry", "pk": 71, "fields": {"action_time": "2019-10-07T21:59:24.574Z", "user": 2, "content_type": 9, "object_id": "efbb61a2-87c6-486a-a72d-3ba2e73e485e", "object_repr": "\u1f0c\u03c1\u03b7\u03c2", "action_flag": 2, "change_message": "[{\"changed\": {\"fields\": [\"expansion\"]}}]"}}, {"model": "admin.logentry", "pk": 72, "fields": {"action_time": "2019-10-07T22:00:41.528Z", "user": 2, "content_type": 9, "object_id": "ba663f9e-9ea5-478b-9604-e515119a6eb8", "object_repr": "\u1f0c\u03c1\u03b7\u03c2", "action_flag": 2, "change_message": "[{\"changed\": {\"fields\": [\"expansion\"]}}]"}}, {"model": "admin.logentry", "pk": 73, "fields": {"action_time": "2019-10-07T22:00:51.479Z", "user": 2, "content_type": 9, "object_id": "7b9affc1-a601-4fc5-8634-18a59790fdac", "object_repr": "\u1f0c\u03c1\u03b7\u03c2", "action_flag": 2, "change_message": "[{\"changed\": {\"fields\": [\"expansion\"]}}]"}}, {"model": "admin.logentry", "pk": 74, "fields": {"action_time": "2019-10-08T03:57:51.399Z", "user": 2, "content_type": 9, "object_id": "99c37f6b-7b3b-4533-86b3-039759bce656", "object_repr": "\u03b1\u03bd", "action_flag": 1, "change_message": "[{\"added\": {}}]"}}, {"model": "admin.logentry", "pk": 75, "fields": {"action_time": "2019-10-08T03:59:54.435Z", "user": 2, "content_type": 9, "object_id": "e3eda248-db1e-41d5-b7de-40979dfaf1cc", "object_repr": "\u03b1\u03c1", "action_flag": 1, "change_message": "[{\"added\": {}}]"}}, {"model": "admin.logentry", "pk": 76, "fields": {"action_time": "2019-10-08T04:00:55.879Z", "user": 2, "content_type": 9, "object_id": "99c37f6b-7b3b-4533-86b3-039759bce656", "object_repr": "\u03b1\u03bd", "action_flag": 2, "change_message": "[{\"changed\": {\"fields\": [\"place\"]}}]"}}, {"model": "admin.logentry", "pk": 77, "fields": {"action_time": "2019-10-08T04:01:50.763Z", "user": 2, "content_type": 9, "object_id": "191f9c1f-d744-4cd2-bbc5-80d6742ff968", "object_repr": "\u03b1\u03c2", "action_flag": 1, "change_message": "[{\"added\": {}}]"}}, {"model": "admin.logentry", "pk": 78, "fields": {"action_time": "2019-10-08T04:02:44.771Z", "user": 2, "content_type": 9, "object_id": "58c6c3b9-afd3-4156-951a-a3679323017d", "object_repr": "\u03b5\u03b9", "action_flag": 1, "change_message": "[{\"added\": {}}]"}}, {"model": "admin.logentry", "pk": 79, "fields": {"action_time": "2019-10-08T04:04:02.312Z", "user": 2, "content_type": 9, "object_id": "176e328f-1469-46b6-a159-f2c097fd85ca", "object_repr": "\u03b5\u03b9", "action_flag": 1, "change_message": "[{\"added\": {}}]"}}, {"model": "admin.logentry", "pk": 80, "fields": {"action_time": "2019-10-08T04:05:10.346Z", "user": 2, "content_type": 9, "object_id": "4ddaadfa-cb6d-403b-9c65-80f01daa9f1d", "object_repr": "\u03b5\u03b9\u03bd", "action_flag": 1, "change_message": "[{\"added\": {}}]"}}, {"model": "admin.logentry", "pk": 81, "fields": {"action_time": "2019-10-08T04:06:06.283Z", "user": 2, "content_type": 9, "object_id": "b4637fec-e323-42d4-9395-88731d6441c1", "object_repr": "\u03b5\u03c0\u03b9", "action_flag": 1, "change_message": "[{\"added\": {}}]"}}, {"model": "admin.logentry", "pk": 82, "fields": {"action_time": "2019-10-08T04:06:45.046Z", "user": 2, "content_type": 9, "object_id": "886895c7-170b-418e-a33c-3815c7a30e77", "object_repr": "\u03b5\u03c0\u03b9", "action_flag": 1, "change_message": "[{\"added\": {}}]"}}, {"model": "admin.logentry", "pk": 83, "fields": {"action_time": "2019-10-08T04:06:45.305Z", "user": 2, "content_type": 9, "object_id": "526101e9-6498-466a-9b9b-0581a9c92139", "object_repr": "\u03b5\u03c0\u03b9", "action_flag": 1, "change_message": "[{\"added\": {}}]"}}, {"model": "admin.logentry", "pk": 84, "fields": {"action_time": "2019-10-08T04:07:06.733Z", "user": 2, "content_type": 9, "object_id": "d9296a39-3bbb-43e4-9900-01e80efaa648", "object_repr": "\u03b5\u03c0\u03b9", "action_flag": 2, "change_message": "[{\"changed\": {\"fields\": [\"expansion\"]}}]"}}, {"model": "admin.logentry", "pk": 85, "fields": {"action_time": "2019-10-08T04:07:49.231Z", "user": 2, "content_type": 9, "object_id": "526101e9-6498-466a-9b9b-0581a9c92139", "object_repr": "\u03b5\u03c0\u03b9", "action_flag": 3, "change_message": ""}}, {"model": "admin.logentry", "pk": 86, "fields": {"action_time": "2019-10-08T04:08:43.786Z", "user": 2, "content_type": 9, "object_id": "291d8451-bdb0-49b3-896b-ff7ac48be013", "object_repr": "\u03b5\u03c0\u03b9", "action_flag": 1, "change_message": "[{\"added\": {}}]"}}, {"model": "admin.logentry", "pk": 87, "fields": {"action_time": "2019-10-08T04:22:35.383Z", "user": 2, "content_type": 9, "object_id": "103975b1-b219-495e-b2ab-37e9f0b9bcf0", "object_repr": "\u03b5\u03c1", "action_flag": 1, "change_message": "[{\"added\": {}}]"}}, {"model": "admin.logentry", "pk": 88, "fields": {"action_time": "2019-10-08T04:23:48.518Z", "user": 2, "content_type": 9, "object_id": "dd2f48db-6bbf-4b5b-bf82-cb4b56ab50b4", "object_repr": "\u03b5\u03c2", "action_flag": 1, "change_message": "[{\"added\": {}}]"}}, {"model": "admin.logentry", "pk": 89, "fields": {"action_time": "2019-10-08T04:25:34.981Z", "user": 2, "content_type": 9, "object_id": "9b11d3a2-2408-4e12-abc9-1d8bad0fa05f", "object_repr": "\u03b5\u03c2", "action_flag": 1, "change_message": "[{\"added\": {}}]"}}, {"model": "admin.logentry", "pk": 90, "fields": {"action_time": "2019-10-08T04:26:59.598Z", "user": 2, "content_type": 9, "object_id": "d0740a42-defc-4284-8f6d-2803c0c62311", "object_repr": "\u03b5\u03c5", "action_flag": 1, "change_message": "[{\"added\": {}}]"}}, {"model": "admin.logentry", "pk": 91, "fields": {"action_time": "2019-10-08T04:28:54.553Z", "user": 2, "content_type": 9, "object_id": "a57a985c-353f-4d62-87ea-3f0af6322351", "object_repr": "\u03b5\u03c8", "action_flag": 1, "change_message": "[{\"added\": {}}]"}}, {"model": "admin.logentry", "pk": 92, "fields": {"action_time": "2019-10-08T04:34:08.518Z", "user": 2, "content_type": 7, "object_id": "9", "object_repr": "Letter Shape", "action_flag": 1, "change_message": "[{\"added\": {}}]"}}, {"model": "admin.logentry", "pk": 93, "fields": {"action_time": "2019-10-08T04:34:11.466Z", "user": 2, "content_type": 9, "object_id": "d1f83fb2-ff05-4f2e-8107-2c47450da1d2", "object_repr": "\u03b7", "action_flag": 1, "change_message": "[{\"added\": {}}]"}}, {"model": "admin.logentry", "pk": 94, "fields": {"action_time": "2019-10-08T04:34:49.048Z", "user": 2, "content_type": 9, "object_id": "f90234c6-5e54-4a31-80ca-108cd251b16a", "object_repr": "\u03b7\u03bd", "action_flag": 1, "change_message": "[{\"added\": {}}]"}}, {"model": "admin.logentry", "pk": 95, "fields": {"action_time": "2019-10-08T04:35:24.573Z", "user": 2, "content_type": 9, "object_id": "4ce6a000-5f7e-4f40-aa02-82721b94ec57", "object_repr": "\u03ba\u03bf", "action_flag": 1, "change_message": "[{\"added\": {}}]"}}, {"model": "admin.logentry", "pk": 96, "fields": {"action_time": "2019-10-08T04:36:23.695Z", "user": 2, "content_type": 9, "object_id": "0e4377ad-def3-42b5-af0a-8fe083113f23", "object_repr": "\u03bc\u03b5\u03bd", "action_flag": 1, "change_message": "[{\"added\": {}}]"}}, {"model": "admin.logentry", "pk": 97, "fields": {"action_time": "2019-10-08T04:37:09.144Z", "user": 2, "content_type": 9, "object_id": "938059eb-b5b3-42ca-890e-b97bc2064f95", "object_repr": "\u03bc\u03b5\u03c4\u03b1", "action_flag": 1, "change_message": "[{\"added\": {}}]"}}, {"model": "admin.logentry", "pk": 98, "fields": {"action_time": "2019-10-08T04:37:49.252Z", "user": 2, "content_type": 9, "object_id": "1fef87d5-89c5-4686-96ea-946d4fb83d8e", "object_repr": "\u03bd", "action_flag": 1, "change_message": "[{\"added\": {}}]"}}, {"model": "admin.logentry", "pk": 99, "fields": {"action_time": "2019-10-08T04:38:23.104Z", "user": 2, "content_type": 9, "object_id": "3e19f21b-c97d-411c-a5ee-c63c2b2465e3", "object_repr": "\u03bf\u03c5", "action_flag": 1, "change_message": "[{\"added\": {}}]"}}, {"model": "admin.logentry", "pk": 100, "fields": {"action_time": "2019-10-08T04:39:03.769Z", "user": 2, "content_type": 9, "object_id": "a9eaf83f-004b-43e8-8071-4a83b7d298ca", "object_repr": "\u03bf\u03c5\u03c2", "action_flag": 1, "change_message": "[{\"added\": {}}]"}}, {"model": "admin.logentry", "pk": 101, "fields": {"action_time": "2019-10-08T04:40:10.892Z", "user": 2, "content_type": 9, "object_id": "c4c86084-d6ba-4d0f-98ea-a12a08c12fab", "object_repr": "\u03c1\u03bf", "action_flag": 1, "change_message": "[{\"added\": {}}]"}}, {"model": "admin.logentry", "pk": 102, "fields": {"action_time": "2019-10-08T04:42:19.075Z", "user": 2, "content_type": 9, "object_id": "7b7cfc04-79d6-453b-9f83-a767e3214c83", "object_repr": "\u03c3\u03b1\u03c2", "action_flag": 1, "change_message": "[{\"added\": {}}]"}}, {"model": "admin.logentry", "pk": 103, "fields": {"action_time": "2019-10-08T04:43:27.804Z", "user": 2, "content_type": 9, "object_id": "41582457-e47a-4f00-8bc9-d865323b06e7", "object_repr": "\u03c3\u03b5\u03c9\u03c2", "action_flag": 1, "change_message": "[{\"added\": {}}]"}}, {"model": "admin.logentry", "pk": 104, "fields": {"action_time": "2019-10-08T04:44:18.875Z", "user": 2, "content_type": 9, "object_id": "d239b5e6-51bb-42ad-8176-135a845f7f7a", "object_repr": "\u03c3\u03b5\u03c9\u03c2", "action_flag": 1, "change_message": "[{\"added\": {}}]"}}, {"model": "admin.logentry", "pk": 105, "fields": {"action_time": "2019-10-08T04:45:04.368Z", "user": 2, "content_type": 9, "object_id": "951bc273-7526-48fc-9e83-a9a1c54633a2", "object_repr": "\u1f00\u03c3\u03c4\u03ad\u03c1\u03b1", "action_flag": 1, "change_message": "[{\"added\": {}}]"}}, {"model": "admin.logentry", "pk": 106, "fields": {"action_time": "2019-10-08T04:46:12.600Z", "user": 2, "content_type": 9, "object_id": "160d80a8-4413-4f83-b39b-7b385a787b49", "object_repr": "\u03bf\u1f50\u03c1\u03b1\u03bd\u03af\u03b1", "action_flag": 1, "change_message": "[{\"added\": {}}]"}}, {"model": "admin.logentry", "pk": 107, "fields": {"action_time": "2019-10-08T05:08:04.436Z", "user": 2, "content_type": 9, "object_id": "2c9f799f-99cb-4e8b-b0f4-8a4d9791c21c", "object_repr": "\u03b1\u03bd", "action_flag": 2, "change_message": "[{\"changed\": {\"fields\": [\"transcription\"]}}]"}}, {"model": "admin.logentry", "pk": 108, "fields": {"action_time": "2019-10-08T05:15:02.954Z", "user": 2, "content_type": 9, "object_id": "dd2f48db-6bbf-4b5b-bf82-cb4b56ab50b4", "object_repr": "\u03b5\u03c2", "action_flag": 2, "change_message": "[{\"changed\": {\"fields\": [\"manuscript\"]}}]"}}, {"model": "admin.logentry", "pk": 109, "fields": {"action_time": "2019-10-08T05:15:12.223Z", "user": 2, "content_type": 9, "object_id": "9b11d3a2-2408-4e12-abc9-1d8bad0fa05f", "object_repr": "\u03b5\u03c2", "action_flag": 2, "change_message": "[{\"changed\": {\"fields\": [\"manuscript\"]}}]"}}, {"model": "admin.logentry", "pk": 110, "fields": {"action_time": "2019-10-08T05:15:19.989Z", "user": 2, "content_type": 9, "object_id": "103975b1-b219-495e-b2ab-37e9f0b9bcf0", "object_repr": "\u03b5\u03c1", "action_flag": 2, "change_message": "[{\"changed\": {\"fields\": [\"manuscript\"]}}]"}}, {"model": "admin.logentry", "pk": 111, "fields": {"action_time": "2019-10-08T05:35:18.422Z", "user": 2, "content_type": 9, "object_id": "57632962-ea61-4c0d-bdda-4ffffc59431d", "object_repr": "\u03b5\u03c0\u03b9", "action_flag": 2, "change_message": "[{\"changed\": {\"fields\": [\"expansion\"]}}]"}}, {"model": "admin.logentry", "pk": 112, "fields": {"action_time": "2019-10-08T05:36:00.219Z", "user": 2, "content_type": 9, "object_id": "57632962-ea61-4c0d-bdda-4ffffc59431d", "object_repr": "\u03b5\u03c0\u03b9", "action_flag": 2, "change_message": "[{\"changed\": {\"fields\": [\"transcription\"]}}]"}}, {"model": "admin.logentry", "pk": 113, "fields": {"action_time": "2019-10-08T14:24:53.194Z", "user": 2, "content_type": 9, "object_id": "fca0d02c-8448-4c33-9494-59e63e65de21", "object_repr": "\u03c4\u03c9\u03bd", "action_flag": 2, "change_message": "[{\"changed\": {\"fields\": [\"expansion\", \"transcription\"]}}]"}}, {"model": "admin.logentry", "pk": 114, "fields": {"action_time": "2019-10-08T14:25:24.414Z", "user": 2, "content_type": 9, "object_id": "efbb61a2-87c6-486a-a72d-3ba2e73e485e", "object_repr": "\u03b1\u03c1\u03b7\u03c2", "action_flag": 2, "change_message": "[{\"changed\": {\"fields\": [\"expansion\", \"transcription\"]}}]"}}, {"model": "admin.logentry", "pk": 115, "fields": {"action_time": "2019-10-08T14:25:43.790Z", "user": 2, "content_type": 9, "object_id": "d9e81a56-0282-417e-a8ce-98c27a4ff2a6", "object_repr": "\u03b4\u03b9\u03b4\u03c5\u03bc\u03bf\u03b9", "action_flag": 2, "change_message": "[{\"changed\": {\"fields\": [\"expansion\", \"transcription\"]}}]"}}, {"model": "admin.logentry", "pk": 116, "fields": {"action_time": "2019-10-08T14:25:59.188Z", "user": 2, "content_type": 9, "object_id": "c9e5f159-78b1-43bc-a4a7-0b9aa741f6b8", "object_repr": "\u03b5\u03c1\u03bc\u03b7\u03c2", "action_flag": 2, "change_message": "[{\"changed\": {\"fields\": [\"expansion\", \"transcription\"]}}]"}}, {"model": "admin.logentry", "pk": 117, "fields": {"action_time": "2019-10-08T14:26:10.691Z", "user": 2, "content_type": 9, "object_id": "ba663f9e-9ea5-478b-9604-e515119a6eb8", "object_repr": "\u03b1\u03c1\u03b7\u03c2", "action_flag": 2, "change_message": "[{\"changed\": {\"fields\": [\"expansion\", \"transcription\"]}}]"}}, {"model": "admin.logentry", "pk": 118, "fields": {"action_time": "2019-10-08T14:26:21.125Z", "user": 2, "content_type": 9, "object_id": "ac00c426-1789-4864-a45e-513e0b24f0db", "object_repr": "\u03ba\u03b1\u03b9", "action_flag": 2, "change_message": "[{\"changed\": {\"fields\": [\"expansion\", \"transcription\"]}}]"}}, {"model": "admin.logentry", "pk": 119, "fields": {"action_time": "2019-10-08T14:26:30.405Z", "user": 2, "content_type": 9, "object_id": "a919b4a6-35e4-426f-b7b6-737c3cb0da81", "object_repr": "\u03b7\u03bb\u03b9\u03bf\u03c2", "action_flag": 2, "change_message": "[{\"changed\": {\"fields\": [\"expansion\", \"transcription\"]}}]"}}, {"model": "admin.logentry", "pk": 120, "fields": {"action_time": "2019-10-08T19:45:59.500Z", "user": 1, "content_type": 9, "object_id": "4d921ad8-accc-4113-aa62-55b3d348ad2f", "object_repr": "\u03b1\u03c3\u03c4\u03b5\u03c1\u03b1", "action_flag": 1, "change_message": "[{\"added\": {}}]"}}, {"model": "admin.logentry", "pk": 121, "fields": {"action_time": "2019-10-10T12:36:52.149Z", "user": 2, "content_type": 9, "object_id": "160d80a8-4413-4f83-b39b-7b385a787b49", "object_repr": "\u03bf\u1f50\u03c1\u03b1\u03bd\u03af\u03b1", "action_flag": 2, "change_message": "[{\"changed\": {\"fields\": [\"transcription\"]}}]"}}, {"model": "admin.logentry", "pk": 122, "fields": {"action_time": "2019-10-10T12:37:11.802Z", "user": 2, "content_type": 9, "object_id": "014a1ce6-5a95-44f3-b836-cfab8b3bfb58", "object_repr": "\u1f04\u03bd\u03b8\u03c1\u03c9\u03c0\u03bf\u03c2", "action_flag": 2, "change_message": "[{\"changed\": {\"fields\": [\"transcription\"]}}]"}}, {"model": "admin.logentry", "pk": 123, "fields": {"action_time": "2019-10-10T12:57:01.012Z", "user": 2, "content_type": 9, "object_id": "a43484b0-17cb-4c54-811f-098d7db0ecd2", "object_repr": "\u1f19\u03c1\u03bc\u1fc6\u03c2", "action_flag": 2, "change_message": "[{\"changed\": {\"fields\": [\"transcription\"]}}]"}}, {"model": "admin.logentry", "pk": 124, "fields": {"action_time": "2019-10-10T12:57:07.546Z", "user": 2, "content_type": 9, "object_id": "a43484b0-17cb-4c54-811f-098d7db0ecd2", "object_repr": "\u1f19\u03c1\u03bc\u1fc6\u03c2", "action_flag": 2, "change_message": "[]"}}, {"model": "admin.logentry", "pk": 125, "fields": {"action_time": "2019-10-10T12:57:27.542Z", "user": 2, "content_type": 9, "object_id": "5e105680-d4c7-4993-83f1-cf9ead2be3f4", "object_repr": "\u1f51\u03c0\u1f72\u03c1", "action_flag": 2, "change_message": "[{\"changed\": {\"fields\": [\"transcription\"]}}]"}}, {"model": "admin.logentry", "pk": 126, "fields": {"action_time": "2019-10-10T12:57:54.353Z", "user": 2, "content_type": 9, "object_id": "497c852d-9cee-4a59-a9cd-68a3d93d3430", "object_repr": "\u0396\u03c5\u03b3\u03cc\u03c2", "action_flag": 2, "change_message": "[{\"changed\": {\"fields\": [\"transcription\"]}}]"}}, {"model": "admin.logentry", "pk": 127, "fields": {"action_time": "2019-10-10T20:33:50.145Z", "user": 2, "content_type": 9, "object_id": "2ac071b2-452f-4bba-ba40-f0f3269b620f", "object_repr": "\u03a0\u03b1\u03c1\u03b8\u03ad\u03bd\u03bf\u03c2", "action_flag": 2, "change_message": "[]"}}, {"model": "admin.logentry", "pk": 128, "fields": {"action_time": "2019-10-18T04:19:39.067Z", "user": 2, "content_type": 9, "object_id": "a3099b31-c4ac-4230-9cf4-b62cb75467b1", "object_repr": "\u03c4\u1f70\u03c2", "action_flag": 2, "change_message": "[{\"changed\": {\"fields\": [\"expansion\"]}}]"}}, {"model": "admin.logentry", "pk": 129, "fields": {"action_time": "2019-10-18T04:34:36.621Z", "user": 2, "content_type": 9, "object_id": "0a54b9cf-c1b1-4e3e-94bc-f1d0ae9406a7", "object_repr": "\u03b3\u1f70\u03c1", "action_flag": 2, "change_message": "[{\"changed\": {\"fields\": [\"expansion\", \"transcription\"]}}]"}}, {"model": "admin.logentry", "pk": 130, "fields": {"action_time": "2019-10-18T04:36:53.802Z", "user": 2, "content_type": 9, "object_id": "efbb61a2-87c6-486a-a72d-3ba2e73e485e", "object_repr": "\u1f0c\u03c1\u03b7\u03c2", "action_flag": 2, "change_message": "[{\"changed\": {\"fields\": [\"expansion\"]}}]"}}, {"model": "admin.logentry", "pk": 131, "fields": {"action_time": "2019-10-18T04:37:02.115Z", "user": 2, "content_type": 9, "object_id": "ba663f9e-9ea5-478b-9604-e515119a6eb8", "object_repr": "\u1f0c\u03c1\u03b7\u03c2", "action_flag": 2, "change_message": "[{\"changed\": {\"fields\": [\"expansion\"]}}]"}}, {"model": "admin.logentry", "pk": 132, "fields": {"action_time": "2019-10-18T13:57:30.310Z", "user": 2, "content_type": 9, "object_id": "ee8db818-1b20-4c45-a167-7fa59970e614", "object_repr": "\u03c4\u03b9\u03c2", "action_flag": 2, "change_message": "[{\"changed\": {\"fields\": [\"transcription\"]}}]"}}, {"model": "admin.logentry", "pk": 133, "fields": {"action_time": "2019-10-18T14:05:00.729Z", "user": 2, "content_type": 9, "object_id": "4d921ad8-accc-4113-aa62-55b3d348ad2f", "object_repr": "\u03b1\u03c3\u03c4\u03b5\u03c1\u03b1", "action_flag": 2, "change_message": "[{\"changed\": {\"fields\": [\"transcription\"]}}]"}}, {"model": "admin.logentry", "pk": 134, "fields": {"action_time": "2019-10-18T14:07:22.994Z", "user": 2, "content_type": 9, "object_id": "e3eda248-db1e-41d5-b7de-40979dfaf1cc", "object_repr": "\u03b1\u03c1", "action_flag": 2, "change_message": "[{\"changed\": {\"fields\": [\"text\"]}}]"}}, {"model": "admin.logentry", "pk": 135, "fields": {"action_time": "2019-10-18T15:08:24.789Z", "user": 2, "content_type": 9, "object_id": "a3099b31-c4ac-4230-9cf4-b62cb75467b1", "object_repr": "\u03c4\u1f70\u03c2", "action_flag": 2, "change_message": "[{\"changed\": {\"fields\": [\"transcription\"]}}]"}}, {"model": "admin.logentry", "pk": 136, "fields": {"action_time": "2019-11-07T14:47:18.412Z", "user": 2, "content_type": 9, "object_id": "c4276456-0aa7-4483-8c98-bb61d9f79377", "object_repr": "\u03b1\u03c2", "action_flag": 2, "change_message": "[{\"changed\": {\"fields\": [\"transcription\"]}}]"}}, {"model": "admin.logentry", "pk": 137, "fields": {"action_time": "2019-12-13T20:30:18.134Z", "user": 1, "content_type": 4, "object_id": "4", "object_repr": "ikhovryak", "action_flag": 1, "change_message": "[{\"added\": {}}]"}}, {"model": "admin.logentry", "pk": 138, "fields": {"action_time": "2019-12-13T20:30:29.704Z", "user": 1, "content_type": 4, "object_id": "4", "object_repr": "ikhovryak", "action_flag": 2, "change_message": "[{\"changed\": {\"fields\": [\"is_staff\", \"is_superuser\"]}}]"}}, {"model": "admin.logentry", "pk": 139, "fields": {"action_time": "2020-06-21T15:33:04.913Z", "user": 1, "content_type": 10, "object_id": "2", "object_repr": "greekpal.apjan.co", "action_flag": 1, "change_message": "[{\"added\": {}}]"}}, {"model": "admin.logentry", "pk": 140, "fields": {"action_time": "2020-06-21T15:33:22.801Z", "user": 1, "content_type": 11, "object_id": "1", "object_repr": "/about/ -- about", "action_flag": 1, "change_message": "[{\"added\": {}}]"}}, {"model": "admin.logentry", "pk": 141, "fields": {"action_time": "2020-06-21T15:39:05.225Z", "user": 1, "content_type": 11, "object_id": "1", "object_repr": "/about/ -- about", "action_flag": 2, "change_message": "[{\"changed\": {\"fields\": [\"template_name\"]}}]"}}, {"model": "admin.logentry", "pk": 142, "fields": {"action_time": "2020-06-21T15:43:22.372Z", "user": 1, "content_type": 10, "object_id": "2", "object_repr": "greekpal.apjan.co", "action_flag": 2, "change_message": "[{\"changed\": {\"fields\": [\"name\"]}}]"}}, {"model": "admin.logentry", "pk": 143, "fields": {"action_time": "2020-06-21T15:43:29.910Z", "user": 1, "content_type": 10, "object_id": "1", "object_repr": "example.com", "action_flag": 3, "change_message": ""}}, {"model": "admin.logentry", "pk": 144, "fields": {"action_time": "2020-06-21T15:44:16.659Z", "user": 1, "content_type": 10, "object_id": "2", "object_repr": "greekpal.apjan.co", "action_flag": 3, "change_message": ""}}, {"model": "admin.logentry", "pk": 145, "fields": {"action_time": "2020-06-21T15:44:27.225Z", "user": 1, "content_type": 10, "object_id": "3", "object_repr": "greekpal.apjan.co", "action_flag": 1, "change_message": "[{\"added\": {}}]"}}, {"model": "admin.logentry", "pk": 146, "fields": {"action_time": "2020-06-21T15:44:38.681Z", "user": 1, "content_type": 11, "object_id": "1", "object_repr": "/about/ -- about", "action_flag": 2, "change_message": "[{\"changed\": {\"fields\": [\"sites\"]}}]"}}, {"model": "admin.logentry", "pk": 147, "fields": {"action_time": "2020-06-21T15:46:17.119Z", "user": 1, "content_type": 11, "object_id": "1", "object_repr": "/about/ -- about", "action_flag": 2, "change_message": "[{\"changed\": {\"fields\": [\"template_name\"]}}]"}}, {"model": "admin.logentry", "pk": 148, "fields": {"action_time": "2020-06-21T15:46:35.613Z", "user": 1, "content_type": 11, "object_id": "1", "object_repr": "/about/ -- about", "action_flag": 2, "change_message": "[{\"changed\": {\"fields\": [\"template_name\"]}}]"}}]